desc_id,description,freq_mentioned,targets
1,远,3,"看, 出门, 听"
2,认真,23,"看, 看, 看, 学习, 擦, 画, 剪, 看书, 看书, 上班, 上班, 穿衣服, 玩手机, 玩手机, 说话, 说话, 同学, 同学, 学生, 护工, 姐妹, 朋友, 父亲, 男孩, 阿姨, 婶婶, 售货员, 服务员, 维修工, 老师"
3,粗略,3,"看, 穿衣服, 穿鞋"
4,眼睛,21,"看, 发现, 睡觉, 午睡, 看书, 看电视, 视频, 玩手机, 墨镜, 药膏, 书店, 眼镜, 手写板, 药, 窗户, 平板电脑, 手机, 电脑, 电视机, 笔记本电脑, 洋葱"
5,眼镜,7,"看, 学习, 眼睛, 外公, 外婆, 奶奶, 老人"
6,图书馆,4,"发现, 看书, 玩手机, 书店, 书店"
7,饭,12,"发现, 闻, 吞, 吃饭, 厨房, 牛肉, 猪肉, 中午, 家, 碗, 腹部, 妻子"
8,菜,7,"发现, 闻, 尝, 吃饭, 厨房, 碗, 妻子"
9,香水,3,"发现, 衬衣, 脖子"
10,科学家,8,"发现, 蚂蚁, 太阳, 星星, 晴天, 月亮, 雨, 雨天"
11,用力,11,"闻, 吸, 敲, 锻炼, 吞, 吹, 扶, 抓, 撕, 打, 摇"
12,臭,12,"闻, 牙齿, 洗手池, 鸡蛋, 老鼠, 菜市场, 袜子, 靴子, 脚, 马桶, 蟑螂, 鱼"
13,食物,24,"闻, 厨房, 牙齿, 蚂蚁, 手套, 牙刷, 牙膏, 被子, 冰箱, 微波炉, 微波炉, 茄子, 茄子, 菠菜, 菠菜, 蘑菇, 蘑菇, 西兰花, 西兰花, 豆角, 豆角, 青椒, 青椒, 青菜, 青菜, 香蕉, 黄瓜, 蛋黄, 蛋黄, 鸡肉, 鸡肉, 鸭肉, 鱼肉, 鱼肉, 保姆"
14,零食,7,"闻, 看电视, 平板电脑, 电视机, 笔记本电脑, 糖果, 饼干, 饼干"
15,早餐,7,"闻, 起床, 包子, 上午, 上午, 楼梯, 面包, 蛋黄"
16,中餐,11,"闻, 中午, 刀子, 香菜, 黄瓜, 羊肉, 蛋黄, 香肠, 鸡肉, 鸭肉, 鱼肉"
17,晚餐,13,"闻, 回家, 玩手机, 说话, 酒, 香菜, 黄瓜, 羊肉, 蛋黄, 香肠, 鸡肉, 鸭肉, 鱼肉"
18,下午茶,7,"闻, 火龙果, 芒果, 苹果, 菠萝, 葡萄, 西瓜"
19,药,13,"闻, 抓, 撕, 去医院, 吃药, 药店, 开塞露, 开塞露, 蘑菇, 外公, 外婆, 奶奶, 爷爷, 护士"
20,碗,20,"闻, 包子, 面条, 南瓜, 土豆, 玉米, 牛肉, 猪肉, 鸡蛋, 螃蟹, 中午, 勺子, 叉子, 煮锅, 筷子, 中药, 米饭, 洋葱, 生姜, 番茄"
21,盘子,21,"闻, 包子, 面条, 牛肉, 猪肉, 鸡蛋, 螃蟹, 勺子, 叉子, 蛋糕, 通心粉, 馒头, 香肠, 柠檬, 梨, 樱桃, 橙子, 洋葱, 牛油果, 番茄, 芒果"
22,鼻子,4,"闻, 口罩, 肥皂, 茶壶"
23,快,52,"吃, 吸, 敲, 学习, 咬, 吞, 喝, 嚼, 吹, 点头, 摇头, 低头, 抬头, 扶, 抱, 抓, 推, 拿, 撕, 捡, 拍, 写, 剪, 转身, 躺下, 睡觉, 蹲下, 弯腰, 后退, 进, 跑, 踢, 走, 吃饭, 工作, 看书, 上厕所, 打电话, 洗澡, 刷牙, 洗脸, 穿衣服, 穿鞋, 去医院, 回家, 玩手机, 说话, 起床, 喝水, 穿鞋, 去医院, 回家, 说话, 出租车, 蚂蚁, 分钟"
24,慢,39,"吃, 吸, 敲, 学习, 嚼, 吹, 摇头, 低头, 抬头, 扶, 抱, 抓, 推, 拿, 撕, 捡, 擦, 写, 剪, 转身, 睡觉, 后退, 进, 站, 走, 吃饭, 工作, 看书, 上厕所, 打电话, 洗澡, 去医院, 回家, 起床, 喝水, 穿鞋, 回家, 说话, 出租车, 蚂蚁"
25,多,9,"吃, 吸, 学习, 吃饭, 上厕所, 说话, 喝水, 吃药, 玩手机, 说话"
26,少,11,"吃, 吸, 学习, 吃饭, 上厕所, 喝水, 吃药, 去医院, 回家, 玩手机, 说话"
27,饿,7,"吃, 煮锅, 碗, 胃痛, 冰箱, 微波炉, 米饭"
28,康复,9,"吃, 去医院, 护理中心, 康复训练, 康复训练, 按摩, 按摩, 脖子, 腿, 脚, 护工"
29,中毒,3,"吃, 吸, 酒"
30,胖,8,"吃, 虾, 螃蟹, 螃蟹, 狗, 猫, 老鼠, 腹部, 男孩"
31,早晨,38,"吃, 锻炼, 喝, 嚼, 尝, 吹, 睡觉, 吃饭, 工作, 洗澡, 刷牙, 洗脸, 穿衣服, 穿鞋, 去医院, 说话, 起床, 吃药, 穿鞋, 墨镜, 剃须刀, 出租车, 牙齿, 包子, 面条, 咖啡, 毛巾, 洗面奶, 煮锅, 牙刷, 牙膏, 碗, 浴缸, 灯, 镜子, 马桶, 米饭, 馒头, 鸟"
32,中午,22,"吃, 喝, 嚼, 尝, 吹, 睡觉, 吃饭, 午睡, 打电话, 去医院, 说话, 起床, 吃药, 背心, 墨镜, 面条, 枕头, 煮锅, 碗, 床, 米饭, 馒头"
33,晚上,48,"吃, 锻炼, 喝, 嚼, 尝, 吹, 睡觉, 吃饭, 睡觉, 看电视, 打电话, 洗澡, 刷牙, 洗脸, 穿衣服, 去医院, 回家, 玩手机, 说话, 吃药, 回家, 背心, 出租车, 发烧, 牙齿, 面条, 脸盆, 洗脚盆, 枕头, 毛巾, 毛毯, 沐浴露, 洗发露, 洗面奶, 煮锅, 牙刷, 牙膏, 碗, 被子, 瘙痒, 浴缸, 灯, 灯, 镜子, 马桶, 电视机, 米饭, 馒头, 月, 月, 星星, 月亮"
34,餐厅,59,"吃, 吞, 喝, 嚼, 尝, 擦, 吃饭, 厨房, 厨房, 面条, 可乐, 茶, 玉米, 牛肉, 牛肉, 猪肉, 猪肉, 鸡蛋, 手套, 刀子, 勺子, 杯子, 煮锅, 碗, 餐巾, 嘴巴, 冰箱, 微波炉, 空调, 风扇, 电视机, 米饭, 通心粉, 面包, 饼, 馒头, 香肠, 果汁, 果汁, 水, 水, 汽水, 汽水, 牛奶, 酒, 酒, 酸奶, 柠檬, 梨, 樱桃, 橙子, 洋葱, 牛油果, 白萝卜, 胡萝卜, 香菜, 黄瓜, 羊肉, 蛋黄, 香肠, 鸡肉, 鸭肉, 鱼肉, 蟑螂, 蟑螂, 外卖员, 服务员, 清洁工"
35,食堂,21,"吃, 嚼, 尝, 吃饭, 厨房, 面条, 玉米, 牛肉, 猪肉, 鸡蛋, 学校, 米饭, 馒头, 香肠, 洋葱, 生姜, 番茄, 白菜, 白萝卜, 胡萝卜, 苹果"
36,家,129,"吃, 吸, 抱, 吃饭, 睡觉, 午睡, 看书, 看电视, 打电话, 洗澡, 刷牙, 洗脸, 穿衣服, 穿鞋, 回家, 玩手机, 说话, 视频, 起床, 吃药, 穿鞋, 去医院, 回家, 厨房, 窗边, 背心, 剃须刀, 充电器, 药膏, 洗手池, 吹风机, 面条, 可乐, 茶, 玉米, 牛肉, 猪肉, 鸡蛋, 狗, 猫, 客厅, 电梯, 门口, 阳台, 公园, 医院, 内衣, 睡衣, 短裤, 秋衣, 衬衣, 袖子, 裙子, 杯子, 毛巾, 毛毯, 洗面奶, 笔, 笔记本, 纸, 花瓶, 茶壶, 被子, 头痛, 感冒, 淤青, 瘙痒, 胃痛, 高肌张力, 药, 中药, 药片, 胶囊, 脚, 地毯, 床, 抽屉, 柜子, 桌子, 桌子, 椅子, 沙发, 浴缸, 灯, 窗户, 茶几, 镜子, 门, 门, 马桶, 空调, 风扇, 电脑, 电视机, 果汁, 水, 汽水, 牛奶, 酒, 酸奶, 柠檬, 梨, 樱桃, 橙子, 芒果, 苹果, 蟑螂, 丈夫, 保姆, 护工, 儿子, 兄弟, 外公, 外公, 外婆, 外婆, 女人, 女儿, 女孩, 奶奶, 奶奶, 妻子, 姐妹, 姐妹, 姑姑, 姑父, 母亲, 父亲, 侄子, 侄子, 侄女, 侄女, 外甥, 外甥, 外甥女, 外甥女, 阿姨, 阿姨, 叔叔, 叔叔, 婶婶, 婶婶, 舅舅, 舅舅, 舅妈, 舅妈"
37,酒店,14,"吃, 吃饭, 睡觉, 洗澡, 刷牙, 洗脸, 可乐, 茶, 床单, 床单, 床, 抽屉, 柜子, 服务员, 服务员, 清洁工"
38,嘴,71,"吃, 吞, 吐, 喝, 吹, 吃饭, 打电话, 说话, 喝水, 吃药, 说话, 牙齿, 牙齿, 茶, 公园, 药店, 菜市场, 口罩, 勺子, 叉子, 口红, 杯子, 煮锅, 牙刷, 牙膏, 碗, 筷子, 纸巾, 茶壶, 药, 药, 中药, 中药, 药片, 药片, 胶囊, 胶囊, 口罩, 鼻子, 手机, 笔记本电脑, 米饭, 米饭, 糖果, 蛋糕, 蛋糕, 通心粉, 通心粉, 面包, 面包, 饼, 饼, 饼干, 馒头, 香肠, 果汁, 水, 汽水, 牛奶, 酒, 酸奶, 柠檬, 梨, 樱桃, 橙子, 洋葱, 牛油果, 生姜, 番茄, 白菜, 白萝卜, 胡萝卜, 火龙果, 芒果, 苹果, 香菜, 香蕉, 黄瓜, 羊肉, 蛋黄, 香肠, 香肠, 鸡肉, 鸭肉, 鱼肉"
39,舌头,6,"吃, 尝, 吃饭, 牙齿, 牙刷, 牙膏"
40,围裙,9,"吃, 吃饭, 厨房, 菜市场, 刀子, 勺子, 平底锅, 保姆, 售货员"
41,吃,62,"吃, 吸, 吸, 咬, 吞, 吐, 喝, 嚼, 尝, 吹, 吃饭, 吃饭, 牙齿, 牙齿, 包子, 巧克力, 面条, 南瓜, 玉米, 鸡蛋, 螃蟹, 狗, 猫, 虫, 蚂蚁, 药店, 街, 手套, 叉子, 下巴, 嘴巴, 米饭, 米饭, 糖果, 糖果, 糖果, 蛋糕, 蛋糕, 通心粉, 通心粉, 面包, 面包, 饼, 饼, 饼干, 饼干, 馒头, 馒头, 香肠, 香肠, 柠檬, 柠檬, 梨, 梨, 樱桃, 樱桃, 橙子, 橙子, 洋葱, 牛油果, 生姜, 番茄, 白菜, 白萝卜, 胡萝卜, 火龙果, 芒果, 苹果, 香菜, 香蕉, 黄瓜, 羊肉, 蛋黄, 蛋黄, 香肠, 鸡肉, 鸡肉, 鸭肉, 鸭肉, 鱼肉, 鱼肉, 鱼, 下午, 季节"
42,活,3,"吃, 吃饭, 睡觉"
43,咬,5,"吃, 吃饭, 狗, 虫, 笔"
44,吸,8,"吃, 面条, 可乐, 咖啡, 汽水, 牛奶, 酒, 酸奶"
45,喝,19,"吃, 吸, 咬, 吐, 喝, 嚼, 尝, 吹, 吃药, 可乐, 咖啡, 茶, 茶, 鸡蛋, 果汁, 水, 汽水, 牛奶, 酒, 酸奶"
46,轻松,22,"吸, 学习, 锻炼, 走, 看书, 看电视, 打电话, 洗澡, 刷牙, 洗脸, 回家, 回家, 玩手机, 运动鞋, 猫, 苍蝇, 叶子, 长裤, 凉鞋, 腿, 手机, 耳机, 星星"
47,健康,8,"吸, 锻炼, 喝水, 运动鞋, 公园, 口罩, 果汁, 青菜"
48,生病,37,"吸, 吐, 转身, 吃药, 吃药, 去医院, 去医院, 发烧, 发烧, 药膏, 老鼠, 苍蝇, 虫, 内衣, 咳嗽, 咳嗽, 咳嗽, 喷嚏, 喷嚏, 头晕, 胃痛, 药, 药, 中药, 中药, 中药, 药片, 药片, 药片, 胶囊, 胶囊, 胶囊, 背, 胳膊, 胳膊, 脖子, 脖子, 脖子, 腿, 脚, 脚, 柠檬, 梨, 梨, 橙子, 西兰花, 蚊子, 医生, 外公, 外婆, 奶奶, 爷爷, 爷爷, 老人, 护士, 理疗师"
49,户外,13,"吸, 出门, 扔, 走, 说话, 墨镜, 充电器, 出租车, 阴天, 围巾, 帽子, 毛巾, 晴天"
50,手,107,"吸, 学习, 锻炼, 扶, 扶, 扶, 抱, 抱, 抓, 抓, 抓, 推, 推, 拿, 拿, 拿, 撕, 捡, 拍, 吃饭, 睡觉, 午睡, 工作, 休息, 看书, 上班, 打电话, 洗澡, 刷牙, 洗脸, 穿衣服, 穿鞋, 玩手机, 玩手机, 血糖仪, 洗手池, 茶, 门口, 书店, 菜市场, 银行, 手套, 刀子, 勺子, 手写板, 脸盆, 洗脚盆, 叉子, 口红, 口红, 平底锅, 杯子, 牙刷, 牙膏, 碗, 笔, 笔记本, 筷子, 纸, 纸巾, 肥皂, 花瓶, 茶壶, 餐巾, 手, 手, 手指, 手指, 胳膊, 脖子, 脚, 指甲, 指甲, 书架, 抽屉, 柜子, 桌子, 茶几, 门, 冰箱, 微波炉, 洗衣机, 空调, 风扇, 平板电脑, 平板电脑, 手机, 手机, 电脑, 电视机, 笔记本电脑, 笔记本电脑, 果汁, 水, 汽水, 牛奶, 酒, 酸奶, 柠檬, 梨, 樱桃, 橙子, 洋葱, 洋葱, 牛油果, 牛油果, 生姜, 番茄, 番茄, 白菜, 白萝卜, 胡萝卜, 火龙果, 芒果, 苹果, 苹果, 香菜, 香蕉, 黄瓜, 羊肉, 蛋黄, 香肠, 鸡肉, 鸭肉, 鱼肉, 蚊子, 鸟"
51,解渴,10,"吸, 可乐, 茶, 果汁, 果汁, 水, 水, 汽水, 汽水, 牛奶, 酒, 菠萝, 西瓜"
52,轻,149,"敲, 咬, 吹, 点头, 摇头, 低头, 抬头, 扶, 抱, 推, 拿, 撕, 捡, 打, 擦, 拍, 按, 插, 摇, 转身, 躺下, 睡觉, 蹲下, 弯腰, 后退, 进, 背心, 背心, 背心, 墨镜, 充电器, 吹风机, 南瓜, 土豆, 玉米, 牛肉, 猪肉, 鸡蛋, 扇贝, 虾, 螃蟹, 狗, 猫, 老鼠, 叶子, 树枝, T恤, 内衣, 睡衣, 短裤, 秋衣, 衬衣, 袖子, 长裤, 卫衣, 凉鞋, 发卡, 发箍, 口罩, 口袋, 围巾, 头绳, 帽子, 手套, 拖鞋, 眼镜, 胸罩, 袖子, 袖子, 袜子, 鞋带, 领带, 勺子, 脸盆, 洗脚盆, 床单, 叉子, 口红, 枕头, 毛巾, 毛毯, 沐浴露, 洗发露, 洗面奶, 牙刷, 牙刷, 牙膏, 笔, 笔记本, 筷子, 纸, 纸巾, 餐巾, 自行车, 轮椅, 药片, 胶囊, 开塞露, 口罩, 下巴, 嘴巴, 头发, 指甲, 地毯, 抽屉, 灯, 镜子, 风扇, 平板电脑, 笔记本电脑, 耳机, 米饭, 糖果, 通心粉, 面包, 饼干, 馒头, 水, 柠檬, 樱桃, 樱桃, 洋葱, 牛油果, 生姜, 番茄, 胡萝卜, 火龙果, 芒果, 苹果, 茄子, 菠菜, 葡萄, 蘑菇, 西兰花, 豆角, 青椒, 青菜, 香菜, 香蕉, 黄瓜, 羊肉, 蛋黄, 香肠, 鸡肉, 鸭肉, 鱼肉, 蚊子, 蟑螂, 鱼, 鸟, 花, 草, 秒钟, 雨, 雨天, 雪"
53,重,91,"敲, 咬, 嚼, 吹, 点头, 摇头, 低头, 抬头, 抱, 抓, 抓, 推, 按, 插, 跑, 踢, 充电器, 充电器, 吹风机, 可乐, 南瓜, 土豆, 玉米, 牛肉, 猪肉, 螃蟹, 狗, 猫, 树, 树枝, 背包, 靴子, 平底锅, 枕头, 沐浴露, 洗发露, 煮锅, 花瓶, 茶壶, 被子, 公共汽车, 救护车, 火车, 车, 飞机, 矫正板, 血压仪, 轮椅, 康复训练, 按摩, 肩, 腿, 书架, 地板, 墙壁, 床, 柜子, 桌子, 椅子, 沙发, 浴缸, 茶几, 门, 马桶, 冰箱, 微波炉, 洗衣机, 空调, 电脑, 电视机, 蛋糕, 饼, 香肠, 梨, 橙子, 白菜, 白萝卜, 火龙果, 火龙果, 芒果, 菠萝, 西瓜, 羊肉, 鸡肉, 鸭肉, 鱼, 树干, 月, 云, 太阳, 星星, 晴天, 月亮, 雷电"
54,痛,3,"敲, 腿, 腹部, 腹部"
55,门,5,"敲, 推, 门口, 地毯, 墙壁"
56,电脑,14,"敲, 工作, 上班, 玩手机, 视频, 视频, 中午, 家, 家, 手写板, 耳机, 下午, 分钟, 女人, 女人, 妻子, 老师"
57,老师,22,"敲, 写, 画, 视频, 茶, 上午, 学校, 眼镜, 眼镜, 手写板, 馒头, 果汁, 水, 汽水, 牛奶, 酒, 酸奶, 梨, 樱桃, 橙子, 胡萝卜, 同学, 同学, 同学, 学生, 学生, 学生"
58,教授,3,"敲, 同学, 学生"
59,学生,10,"敲, 写, 打电话, 玩手机, 视频, 玩手机, 眼镜, 背包, 肩, 下午, 老师"
60,庆祝,6,"敲, 抱, 酒, 外公, 外婆, 奶奶"
61,打,3,"敲, 屁股, 蟑螂"
62,深,3,"学习, 睡觉, 午睡"
63,浅,3,"学习, 睡觉, 睡觉, 午睡"
64,努力,3,"学习, 锻炼, 清洁工"
65,学校,18,"学习, 说话, 袖子, 眼镜, 背包, 肩, 洗衣机, 水, 下午, 同学, 同学, 学生, 学生, 年轻人, 兄弟, 女人, 女孩, 姐妹, 姐妹, 男孩, 老师"
66,桌子,21,"学习, 擦, 按, 午睡, 看书, 中午, 杯子, 笔, 笔记本, 筷子, 纸, 纸巾, 纸巾, 花瓶, 花瓶, 茶壶, 茶壶, 餐巾, 餐巾, 餐巾, 书架, 桌子, 茶几, 树干, 保姆, 男孩"
67,教练,3,"学习, 运动鞋, 背"
68,考试,12,"学习, 同学, 同学, 同学, 学生, 学生, 学生, 儿子, 儿子, 儿子, 女儿, 女儿, 女儿, 女孩, 小孩, 小孩, 男孩, 侄子, 侄女, 外甥, 外甥女"
69,运动场,8,"锻炼, 转身, 跑, 休息, 运动鞋, 毛巾, 秒钟, 男孩"
70,锻炼,41,"锻炼, 锻炼, 出门, 拍, 摇, 扔, 转身, 蹲下, 跑, 跑, 走, 睡觉, 午睡, 休息, 休息, 洗澡, 穿鞋, 穿鞋, 喝水, 背心, 背心, 背心, 背心, 运动鞋, 运动鞋, 运动鞋, 运动鞋, 公园, 公园, 长裤, 卫衣, 卫衣, 帽子, 帽子, 毛巾, 沐浴露, 洗发露, 背, 背, 背, 背, 胳膊, 胳膊, 胳膊, 胳膊, 胳膊, 胸, 胸, 胸, 脖子, 脖子, 腿, 腹部, 腹部, 腹部, 膝盖, 香蕉, 香蕉, 夏季, 秒钟, 护工, 姐妹, 朋友, 朋友, 母亲, 父亲, 男人, 男孩"
71,身体,36,"锻炼, 推, 睡觉, 午睡, 工作, 休息, 上班, 洗澡, 穿衣服, 背心, 背心, 药膏, 浴室, 浴室, 公园, 广场, T恤, 外套, 大衣, 毛衣, 睡衣, 秋衣, 衬衣, 袖子, 裙子, 卫衣, 卫衣, 毛巾, 毛巾, 毛毯, 沐浴露, 被子, 淤青, 瘙痒, 高肌张力, 胳膊, 脚, 腰, 床, 浴缸"
72,脚,20,"锻炼, 出门, 走, 洗澡, 穿鞋, 去医院, 回家, 穿鞋, 皮鞋, 运动鞋, 凉鞋, 拖鞋, 袜子, 靴子, 鞋带, 鞋带, 洗脚盆, 指甲, 地板, 地毯, 蚊子, 蟑螂"
73,腿,25,"锻炼, 出门, 捡, 跑, 踢, 踢, 走, 睡觉, 午睡, 工作, 休息, 上班, 上厕所, 洗澡, 药膏, 楼梯, 街, 长裤, 轮椅, 矫正板, 轮椅, 屁股, 胳膊, 桌子, 椅子, 沙发, 蚊子"
74,鞋子,22,"锻炼, 后退, 进, 跑, 客厅, 门口, 凉鞋, 拖鞋, 袜子, 靴子, 鞋带, 鞋带, 脚, 儿子, 外公, 外婆, 女人, 女人, 女人, 女儿, 女孩, 奶奶, 妻子, 妻子, 妻子, 男孩, 男孩, 男孩, 老人"
75,司机,6,"锻炼, 停车场, 出租车, 雾, 分钟, 分钟, 快递员"
76,车,12,"出门, 打, 擦, 上班, 书店, 酒, 护工, 儿子, 儿子, 儿子, 儿子, 儿子, 女儿, 女儿, 女儿, 女儿, 女儿, 女孩, 女孩, 女孩, 女孩, 女孩, 小孩, 护士"
77,自行车,18,"出门, 上班, 回家, 去医院, 回家, 中午, 书店, 公园, 学校, 路, 外套, 腿, 腿, 脚, 灯, 儿子, 女儿, 女孩, 男孩, 老人"
78,汽车,40,"出门, 出门, 扶, 工作, 上班, 去医院, 去医院, 回家, 回家, 去医院, 回家, 窗边, 停车场, 中午, 雾, 家, 家, 家, 书店, 书店, 公园, 公园, 公园, 医院, 医院, 路, 桌子, 椅子, 沙发, 灯, 窗户, 镜子, 门, 空调, 空调, 耳机, 香菜, 香蕉, 黄瓜, 羊肉, 蛋黄, 香肠, 鸡肉, 鸭肉, 鱼肉, 分钟, 分钟, 外公, 外婆, 女人, 女人, 奶奶, 妻子, 姐妹, 姐妹"
79,地铁,10,"出门, 上班, 去医院, 回家, 去医院, 回家, 家, 学校, 手机, 分钟, 分钟, 女人, 姐妹"
80,火车,19,"出门, 睡觉, 桌子, 椅子, 灯, 窗户, 镜子, 门, 马桶, 空调, 笔记本电脑, 香蕉, 黄瓜, 羊肉, 蛋黄, 香肠, 鸡肉, 鸭肉, 鱼肉"
81,晴天,9,"出门, 墨镜, 阳台, 书店, 公园, 太阳, 太阳, 太阳, 星星, 星星, 星星, 晴天, 月亮, 月亮, 月亮"
82,上班,19,"出门, 走, 起床, 皮鞋, 上午, 头绳, 背包, 下午, 丈夫, 邻居, 女人, 妻子, 母亲, 父亲, 阿姨, 叔叔, 婶婶, 舅舅, 舅妈"
83,吃饭,64,"出门, 咬, 咬, 嚼, 走, 厨房, 皮鞋, 包子, 面条, 可乐, 茶, 茶, 南瓜, 南瓜, 土豆, 土豆, 鸡蛋, 鸡蛋, 虾, 虾, 螃蟹, 螃蟹, 上午, 中午, 中午, 公园, 公园, 郊外, 勺子, 煮锅, 煮锅, 煮锅, 碗, 碗, 筷子, 餐巾, 餐巾, 药, 中药, 药片, 胶囊, 腹部, 鼻子, 桌子, 椅子, 沙发, 茶几, 冰箱, 微波炉, 微波炉, 果汁, 水, 汽水, 牛奶, 酒, 酸奶, 柠檬, 梨, 樱桃, 橙子, 洋葱, 牛油果, 牛油果, 生姜, 番茄, 番茄, 白菜, 白菜, 白萝卜, 白萝卜, 胡萝卜, 胡萝卜, 火龙果, 芒果, 苹果, 菠萝, 葡萄, 西瓜, 鱼, 姐妹, 家人, 朋友, 朋友, 服务员"
84,购买,17,"出门, 走, 背心, 剃须刀, 玉米, 鸡蛋, 螃蟹, 书店, 商店, 商店, 菜市场, 口红, 口红, 口红, 果汁, 汽水, 番茄, 售货员, 快递员, 服务员"
85,社交,9,"出门, 点头, 走, 吃饭, 玩手机, 客厅, 广场, 酒, 邻居"
86,穿戴,34,"出门, 穿鞋, 去医院, 背心, 墨镜, 皮鞋, 运动鞋, T恤, T恤, 内衣, 外套, 大衣, 毛衣, 睡衣, 短裤, 秋衣, 衬衣, 袖子, 裙子, 长裤, 长裤, 卫衣, 卫衣, 凉鞋, 凉鞋, 发卡, 发卡, 发箍, 发箍, 口罩, 口罩, 帽子, 帽子, 手套, 手套, 拖鞋, 拖鞋, 眼镜, 眼镜, 胸罩, 袖子, 袜子, 袜子, 靴子, 靴子, 鞋带, 领带, 口罩, 胸"
87,开车,7,"出门, 去医院, 回家, 停车场, 出租车, 路, 司机"
88,坐车,4,"出门, 走, 去医院, 回家, 回家, 去医院, 回家"
89,交通,9,"出门, 去医院, 去医院, 回家, 回家, 学校, 公共汽车, 救护车, 自行车, 车, 司机"
90,走,20,"出门, 后退, 后退, 进, 进, 去医院, 回家, 去医院, 回家, 树林, 楼梯, 公园, 广场, 街, 街, 郊外, 凉鞋, 脚, 邻居, 邻居, 护工, 外公, 外公, 外婆, 外婆, 奶奶, 奶奶, 爷爷, 老人, 老人"
91,休息,47,"听, 低头, 躺下, 睡觉, 回家, 玩手机, 玩手机, 背心, 发烧, 客厅, 家, 阳台, 拖鞋, 拖鞋, 枕头, 毛毯, 头痛, 感冒, 淤青, 瘙痒, 胃痛, 地毯, 床, 桌子, 椅子, 椅子, 沙发, 沙发, 浴缸, 灯, 窗户, 茶几, 镜子, 门, 平板电脑, 电脑, 电视机, 电视机, 笔记本电脑, 果汁, 水, 汽水, 牛奶, 酸奶, 梨, 樱桃, 橙子, 下午, 下午, 夏季, 外公, 外婆, 奶奶"
92,电视,8,"听, 看电视, 中午, 客厅, 家, 医院, 眼镜, 眼镜, 眼睛"
93,电影院,6,"听, 果汁, 水, 汽水, 酒, 分钟"
94,医院,35,"听, 扶, 去医院, 护理中心, 发烧, 发烧, 发烧, 药膏, 药膏, 药膏, 血糖仪, 血糖仪, 血糖仪, 血糖仪, 牙齿, 牙齿, 洗手池, 药店, 口罩, 头痛, 头痛, 头痛, 头痛, 感冒, 感冒, 感冒, 感冒, 淤青, 淤青, 淤青, 淤青, 瘙痒, 瘙痒, 瘙痒, 瘙痒, 胃痛, 胃痛, 胃痛, 胃痛, 高肌张力, 高肌张力, 高肌张力, 药, 药, 药, 中药, 中药, 中药, 药片, 药片, 药片, 胶囊, 胶囊, 胶囊, 开塞露, 矫正板, 血压仪, 轮椅, 康复训练, 按摩, 脖子, 腹部, 膝盖, 腰, 医生, 护工, 护士, 护士, 理疗师"
95,耳机,4,"听, 平板电脑, 手机, 笔记本电脑"
96,音响,5,"听, 浴室, 学校, 广场, 街"
97,音乐,10,"听, 玩手机, 耳朵, 果汁, 水, 汽水, 雨, 雨天, 雪, 雷电"
98,耳朵,7,"听, 广场, 平板电脑, 手机, 电脑, 笔记本电脑, 耳机, 耳机"
99,兔子,3,"听, 胡萝卜, 胡萝卜, 青菜"
100,台风,5,"听, 夏季, 台风, 雨, 雨天"
101,医生,49,"听, 去医院, 吃药, 去医院, 护理中心, 发烧, 药膏, 血糖仪, 牙齿, 牙齿, 狗, 猫, 医院, 药店, 口罩, 手套, 牙刷, 牙膏, 救护车, 咳嗽, 喷嚏, 头晕, 头痛, 头痛, 感冒, 感冒, 淤青, 淤青, 瘙痒, 瘙痒, 胃痛, 胃痛, 高肌张力, 药, 中药, 药片, 胶囊, 开塞露, 口罩, 矫正板, 血压仪, 轮椅, 康复训练, 按摩, 背, 胳膊, 胸, 脖子, 腿, 脚, 腹部, 膝盖, 腰, 护工, 老人, 护士, 理疗师"
102,点心,4,"咬, 尝, 手机, 下午, 下午"
103,肉,19,"咬, 嚼, 吃饭, 包子, 面条, 菜市场, 大腿, 头, 小腿, 屁股, 手, 手腕, 背, 胳膊, 胸, 腿, 脚, 腹部, 香肠"
104,牙齿,8,"咬, 嚼, 牙刷, 牙刷, 牙膏, 牙膏, 糖果, 汽水, 小孩, 男孩"
105,吃药,9,"吞, 发烧, 头痛, 感冒, 高肌张力, 药, 药, 中药, 中药, 药片, 药片, 胶囊, 胶囊"
106,恶心,3,"吐, 头痛, 蟑螂"
107,难受,6,"吐, 去医院, 医院, 头痛, 胳膊, 鼻子"
108,酒吧,7,"喝, 杯子, 果汁, 水, 汽水, 牛奶, 酒"
109,酒,11,"喝, 喝, 杯子, 头痛, 瘙痒, 胃痛, 药, 膝盖, 晚上, 兄弟, 女人, 姐妹"
110,咖啡,8,"喝, 吹, 书店, 水, 牛奶, 下午, 女人, 姐妹"
111,茶,6,"喝, 吹, 书店, 茶壶, 水, 下午"
112,杯子,23,"喝, 喝水, 吃药, 可乐, 咖啡, 茶, 茶, 勺子, 药, 中药, 药片, 胶囊, 茶几, 果汁, 果汁, 水, 水, 水, 汽水, 汽水, 牛奶, 牛奶, 酸奶, 酸奶, 柠檬, 梨, 樱桃, 橙子, 外公, 老人"
113,厨师,56,"尝, 厨房, 包子, 面条, 南瓜, 土豆, 玉米, 牛肉, 猪肉, 鸡蛋, 扇贝, 虾, 螃蟹, 中午, 手套, 袖子, 刀子, 勺子, 平底锅, 煮锅, 碗, 冰箱, 果汁, 汽水, 牛奶, 酒, 酸奶, 柠檬, 梨, 樱桃, 橙子, 洋葱, 牛油果, 白萝卜, 胡萝卜, 茄子, 菠菜, 菠萝, 葡萄, 蘑菇, 西兰花, 西瓜, 豆角, 青椒, 青菜, 香菜, 香蕉, 黄瓜, 羊肉, 蛋黄, 蛋黄, 香肠, 鸡肉, 鸭肉, 鱼肉, 鱼, 外卖员"
114,开水,9,"吹, 茶, 书店, 公园, 洗脚盆, 杯子, 药, 药片, 胶囊"
115,面条,10,"吹, 吃饭, 包子, 牛肉, 猪肉, 叉子, 煮锅, 筷子, 通心粉, 洋葱"
116,头,12,"摇头, 低头, 抬头, 墨镜, 发卡, 发箍, 头绳, 帽子, 枕头, 洗发露, 头晕, 头发"
117,脖子,8,"摇头, 低头, 抬头, 围巾, 领带, 头, 脖子, 蚊子"
118,表达,5,"摇头, 低头, 打电话, 说话, 说话, 理疗师"
119,突然,3,"低头, 抬头, 蟑螂"
120,上课,11,"低头, 抬头, 走, 嘴巴, 平板电脑, 同学, 学生, 儿子, 儿子, 女儿, 女儿, 女孩, 女孩, 男孩"
121,手机,15,"低头, 擦, 擦, 工作, 上班, 打电话, 玩手机, 视频, 视频, 玩手机, 玩手机, 充电器, 中午, 电梯, 下午, 分钟, 女人, 妻子, 快递员"
122,学习,35,"低头, 看书, 视频, 起床, 书店, 书店, 学校, 学校, 头绳, 眼镜, 背包, 手写板, 书架, 桌子, 椅子, 沙发, 灯, 茶几, 平板电脑, 电脑, 笔记本电脑, 水, 同学, 同学, 同学, 学生, 学生, 学生, 儿子, 儿子, 儿子, 兄弟, 女人, 女儿, 女儿, 女儿, 女孩, 女孩, 女孩, 姐妹, 姐妹, 小孩, 男孩, 男孩, 男孩, 男孩, 侄子, 侄子, 侄子, 侄女, 侄女, 侄女, 外甥, 外甥, 外甥, 外甥女, 外甥女, 外甥女, 老师, 老师"
123,护工,26,"扶, 吃药, 护理中心, 发烧, 药膏, 头痛, 感冒, 淤青, 瘙痒, 胃痛, 药, 中药, 药片, 胶囊, 背, 胳膊, 胸, 脖子, 腿, 脚, 脸, 腹部, 保姆, 医生, 老人, 理疗师"
124,护士,31,"扶, 去医院, 吃药, 去医院, 发烧, 药膏, 血糖仪, 牙齿, 狗, 猫, 医院, 口罩, 手套, 头痛, 感冒, 淤青, 瘙痒, 胃痛, 药, 中药, 药片, 胶囊, 开塞露, 口罩, 矫正板, 血压仪, 轮椅, 康复训练, 按摩, 腹部, 膝盖, 医生, 护工"
125,照顾,22,"扶, 扶, 护理中心, 护理中心, 丈夫, 丈夫, 保姆, 护工, 护工, 儿子, 儿子, 儿子, 兄弟, 兄弟, 外公, 外公, 外公, 外公, 外公, 外婆, 外婆, 外婆, 外婆, 外婆, 女人, 女人, 女儿, 女儿, 女儿, 女孩, 奶奶, 奶奶, 奶奶, 奶奶, 奶奶, 妻子, 妻子, 姐妹, 姐妹, 姑姑, 家人, 母亲, 母亲, 父亲, 父亲, 爷爷, 爷爷, 护士, 社工"
126,胳膊,11,"抱, 推, 推, 摇, T恤, 袖子, 血压仪, 手腕, 手肘, 白萝卜, 蚊子, 鸟"
127,胸部,3,"抱, 内衣, 胸罩, 胸罩"
128,打开,36,"抱, 抓, 推, 厨房, 窗边, 窗边, 剃须刀, 洗手池, 吹风机, 巧克力, 可乐, 可乐, 咖啡, 咖啡, 玉米, 药店, 床单, 口红, 毛巾, 牙膏, 筷子, 柜子, 门, 马桶, 冰箱, 微波炉, 洗衣机, 空调, 风扇, 平板电脑, 手机, 电脑, 电视机, 笔记本电脑, 洋葱, 牛油果, 葡萄, 豆角, 香蕉"
129,约会,6,"抱, 刷牙, 发卡, 头绳, 星星, 月亮"
130,冰箱,15,"拿, 家, 煮锅, 煮锅, 碗, 地板, 香菜, 香蕉, 黄瓜, 羊肉, 香肠, 鸡肉, 鸭肉, 鱼肉, 女人, 妻子"
131,柜子,6,"拿, 门口, 拖鞋, 靴子, 毛毯, 地板"
132,拿,29,"拿, 拿, 捡, 捡, 墨镜, 充电器, 吹风机, 茶, 玉米, 鸡蛋, 猫, 门口, 商店, 菜市场, 银行, T恤, 手写板, 脸盆, 洗脚盆, 笔, 笔, 筷子, 筷子, 花瓶, 手, 胳膊, 柠檬, 梨, 樱桃, 橙子, 蟑螂, 花, 快递员"
133,收回,3,"拿, 踢, 胳膊"
134,去除,5,"撕, 牙膏, 鼻子, 牛油果, 芒果"
135,捏,5,"撕, 纸巾, 肥皂, 被子, 餐巾"
136,腰,4,"捡, 药膏, 大腿, 屁股"
137,鸡蛋,4,"打, 面条, 上午, 牛油果"
138,游戏,20,"打, 休息, 玩手机, 玩手机, 家, 裙子, 口红, 平板电脑, 平板电脑, 手机, 手机, 电脑, 电脑, 蘑菇, 年轻人, 年轻人, 儿子, 儿子, 兄弟, 女人, 女儿, 女儿, 女儿, 女儿, 女孩, 女孩, 女孩, 女孩, 姐妹, 姐妹, 朋友, 朋友, 父亲, 男人"
139,苹果,3,"擦, 果汁, 梨"
140,脸,16,"擦, 拍, 刷牙, 洗脸, 视频, 墨镜, 剃须刀, 洗手池, 口罩, 脸盆, 枕头, 毛巾, 毛巾, 洗面奶, 眼睛, 耳朵, 镜子"
141,茶几,3,"擦, 地板, 地毯"
142,西瓜,3,"拍, 果汁, 夏季"
143,视频,6,"拍, 休息, 玩手机, 玩手机, 平板电脑, 电视机, 分钟"
144,电影,17,"拍, 休息, 胸, 果汁, 果汁, 汽水, 汽水, 分钟, 雨, 雨天, 雪, 雷电, 年轻人, 女人, 姐妹, 朋友, 朋友, 母亲, 父亲, 男人"
145,肚子,3,"拍, 胃痛, 胃痛, 腹部"
146,屁股,5,"拍, 上厕所, 椅子, 沙发, 马桶"
147,花,10,"插, 插, 树枝, 树枝, 公园, 花瓶, 鼻子, 外公, 外婆, 女孩, 奶奶, 社工"
148,插头,14,"插, 插, 充电器, 血糖仪, 吹风机, 冰箱, 微波炉, 洗衣机, 空调, 风扇, 平板电脑, 手机, 电脑, 电视机, 笔记本电脑"
149,教室,9,"写, 学校, 手写板, 空调, 风扇, 平板电脑, 电脑, 笔记本电脑, 饼干"
150,漫画,8,"画, 年轻人, 儿子, 女儿, 女孩, 姐妹, 小孩, 朋友"
151,设计师,6,"画, 脖子, 书架, 手机, 电脑, 笔记本电脑"
152,船,15,"摇, 皮鞋, 运动鞋, 桌子, 椅子, 灯, 窗户, 镜子, 门, 马桶, 香蕉, 香肠, 鱼肉, 鱼, 树干"
153,床,17,"摇, 躺下, 躺下, 睡觉, 睡觉, 睡觉, 午睡, 起床, 起床, 中午, 枕头, 毛毯, 被子, 被子, 地毯, 保姆, 儿子, 女人, 女儿, 女孩, 妻子, 爷爷"
154,树,8,"摇, 叶子, 风, 柠檬, 鸟, 树干, 季节, 社工"
155,花园,5,"剪, 护理中心, 树干, 花, 草"
156,头发,9,"剪, 洗手池, 吹风机, 风, 发卡, 发箍, 头绳, 帽子, 洗发露, 洗发露"
157,工人,30,"剪, 窗边, 叶子, 叶子, 树, 树, 树林, 树林, 树枝, 树枝, 树枝, 浴室, 电梯, 公园, 商店, 广场, 街, 路, 手套, 手套, 书架, 地板, 墙壁, 风扇, 平板电脑, 手机, 电视机, 笔记本电脑, 馒头, 水, 水, 树干, 树干, 花, 草, 同学, 学生, 司机"
158,运动员,10,"扔, 跑, 背心, 运动鞋, 药膏, 毛巾, 腿, 脚, 膝盖, 香蕉"
159,腰带,3,"转身, 弯腰, 腰"
160,扭动,4,"转身, 头, 脖子, 脚"
161,卧室,14,"躺下, 睡觉, 电梯, 门口, 公园, 医院, 拖鞋, 床单, 枕头, 毛毯, 被子, 灯, 窗户, 门"
162,衣服,50,"躺下, 睡觉, 睡觉, 去医院, 起床, 去医院, 吹风机, 家, 家, 阳台, 阳台, 阳台, 医院, 医院, 卫衣, 口袋, 床单, 枕头, 枕头, 毛巾, 毛巾, 毛毯, 毛毯, 沐浴露, 沐浴露, 洗发露, 洗发露, 洗面奶, 洗面奶, 煮锅, 煮锅, 牙刷, 牙刷, 牙膏, 牙膏, 碗, 碗, 头痛, 感冒, 淤青, 瘙痒, 胃痛, 高肌张力, 药, 中药, 药片, 胶囊, 胸, 脖子, 桌子, 椅子, 沙发, 灯, 窗户, 茶几, 镜子, 门, 马桶, 洗衣机, 夏季, 儿子, 儿子, 女人, 女儿, 女儿, 女孩, 女孩, 妻子, 男孩"
163,睡觉,16,"躺下, 睡觉, 发烧, 家, 睡衣, 拖鞋, 拖鞋, 枕头, 枕头, 牙刷, 被子, 被子, 火车, 头痛, 感冒, 淤青, 床, 灯, 灯, 雨天"
164,枕头,5,"睡觉, 睡觉, 午睡, 中午, 床单, 床"
165,躺,12,"睡觉, 睡觉, 午睡, 看电视, 发烧, 拖鞋, 枕头, 枕头, 枕头, 头痛, 感冒, 淤青, 床, 浴缸, 爷爷"
166,弯曲,4,"蹲下, 胳膊, 香蕉, 月"
167,厕所,14,"蹲下, 上厕所, 剃须刀, 洗手池, 洗手池, 吹风机, 毛巾, 毛巾, 洗面奶, 洗面奶, 牙刷, 牙膏, 肥皂, 浴缸, 镜子, 马桶, 洗衣机"
168,袜子,8,"后退, 进, 跑, 皮鞋, 脚, 洗衣机, 女人, 妻子"
169,地面,3,"跑, 树枝, 纸"
170,椅子,16,"站, 吃饭, 看书, 中午, 轮椅, 背, 脖子, 腿, 桌子, 马桶, 树干, 保姆, 儿子, 女儿, 女孩, 老人"
171,脆弱,13,"走, 发烧, 牙齿, 感冒, 胳膊, 腹部, 膝盖, 外公, 外婆, 奶奶, 男人, 男孩, 老人, 老人"
172,拐杖,6,"走, 外公, 外婆, 奶奶, 爷爷, 老人"
173,出门,20,"走, 洗澡, 洗脸, 穿衣服, 穿鞋, 穿鞋, 穿鞋, 停车场, 墨镜, 家, 电梯, 门口, 口罩, 围巾, 帽子, 眼镜, 袜子, 袜子, 靴子, 靴子, 领带, 口红, 水, 邻居"
174,喝水,6,"走, 杯子, 药, 中药, 药片, 胶囊"
175,餐具,20,"吃饭, 厨房, 菜市场, 手套, 桌子, 茶几, 洋葱, 牛油果, 番茄, 茄子, 菠菜, 菠萝, 葡萄, 蘑菇, 西兰花, 西瓜, 豆角, 青椒, 青菜, 树干"
176,餐桌,12,"吃饭, 碗, 茄子, 菠菜, 菠萝, 葡萄, 蘑菇, 西兰花, 西瓜, 豆角, 青椒, 青菜"
177,夹,3,"吃饭, 面条, 螃蟹"
178,安静,3,"睡觉, 书店, 银行"
179,脑袋,5,"睡觉, 午睡, 工作, 休息, 上班"
180,被子,8,"睡觉, 午睡, 中午, 阳台, 床单, 枕头, 床, 洗衣机"
181,办公室,17,"午睡, 工作, 休息, 上班, 视频, 充电器, 茶, 手写板, 冰箱, 微波炉, 空调, 风扇, 平板电脑, 电脑, 笔记本电脑, 耳机, 糖果"
182,下午,3,"工作, 茶, 阳台"
183,制服,3,"工作, 上班, 衬衣"
184,爸爸,93,"工作, 打电话, 去医院, 回家, 玩手机, 说话, 起床, 喝水, 吃药, 玩手机, 厨房, 停车场, 背心, 墨镜, 皮鞋, 皮鞋, 运动鞋, 剃须刀, 巧克力, 面条, 叶子, 上午, 中午, 家, 公园, 医院, 秋衣, 长裤, 卫衣, 凉鞋, 发卡, 发箍, 口罩, 口袋, 围巾, 头绳, 帽子, 刀子, 勺子, 平底锅, 煮锅, 桌子, 椅子, 沙发, 浴缸, 灯, 窗户, 茶几, 镜子, 门, 马桶, 冰箱, 微波炉, 洗衣机, 空调, 风扇, 平板电脑, 手机, 电脑, 电视机, 笔记本电脑, 洋葱, 牛油果, 生姜, 白菜, 白萝卜, 胡萝卜, 火龙果, 芒果, 苹果, 蟑螂, 鱼, 丈夫, 同学, 学生, 年轻人, 保姆, 儿子, 兄弟, 女人, 女儿, 女孩, 奶奶, 姐妹, 姑姑, 姑父, 家人, 小孩, 母亲, 爷爷, 阿姨, 叔叔, 婶婶, 舅舅, 舅妈"
185,妈妈,100,"工作, 打电话, 去医院, 回家, 玩手机, 说话, 起床, 喝水, 吃药, 玩手机, 厨房, 厨房, 停车场, 墨镜, 包子, 巧克力, 面条, 南瓜, 土豆, 玉米, 牛肉, 猪肉, 鸡蛋, 虾, 螃蟹, 上午, 中午, 阴天, 家, 公园, 医院, 秋衣, 长裤, 卫衣, 凉鞋, 发卡, 发箍, 口罩, 口袋, 围巾, 头绳, 帽子, 手套, 刀子, 勺子, 床单, 口红, 平底锅, 煮锅, 桌子, 椅子, 沙发, 浴缸, 灯, 窗户, 茶几, 镜子, 门, 马桶, 冰箱, 微波炉, 洗衣机, 空调, 风扇, 平板电脑, 手机, 电脑, 电视机, 笔记本电脑, 洋葱, 牛油果, 生姜, 番茄, 白菜, 白萝卜, 胡萝卜, 火龙果, 芒果, 苹果, 蟑螂, 鱼, 丈夫, 同学, 学生, 年轻人, 保姆, 儿子, 兄弟, 外公, 外婆, 女人, 女儿, 女孩, 姐妹, 家人, 小孩, 父亲, 阿姨, 叔叔, 婶婶, 舅舅, 舅妈"
186,书本,15,"休息, 学校, 笔, 笔记本, 眼睛, 同学, 同学, 学生, 学生, 年轻人, 儿子, 女人, 女儿, 女儿, 女孩, 小孩, 男孩, 男孩, 老人"
187,沙发,10,"休息, 看书, 看电视, 客厅, 毛毯, 毛毯, 胳膊, 地板, 桌子, 女人, 妻子"
188,坐,10,"休息, 看电视, 起床, 阳台, 学校, 轮椅, 屁股, 椅子, 椅子, 沙发, 沙发, 马桶"
189,放松,8,"看书, 看电视, 玩手机, 玩手机, 家, 公园, 公园, 公园, 广场, 郊外, 凉鞋"
190,记录,4,"看书, 血糖仪, 手写板, 平板电脑"
191,看,19,"看书, 玩手机, 玩手机, 窗边, 牙齿, 公园, 眼睛, 眼睛, 灯, 窗户, 镜子, 平板电脑, 手机, 电脑, 电视机, 笔记本电脑, 洋葱, 鱼, 鱼, 鱼, 鸟, 花, 分钟"
192,公司,12,"打电话, 玩手机, 说话, 皮鞋, 电梯, 头痛, 感冒, 淤青, 瘙痒, 胃痛, 水, 下午"
193,同学,16,"打电话, 说话, 剃须刀, 充电器, 出租车, 可乐, 楼梯, 书店, 眼镜, 背包, 胸罩, 洗衣机, 空调, 平板电脑, 电脑, 姐妹"
194,听,8,"打电话, 玩手机, 耳朵, 耳朵, 平板电脑, 手机, 电脑, 电视机, 笔记本电脑"
195,日常,3,"打电话, 胸罩, 手机"
196,干净,15,"洗澡, 刷牙, 洗脸, 牙齿, 浴室, 平底锅, 枕头, 毛巾, 牙膏, 碗, 浴缸, 窗户, 茶几, 镜子, 马桶"
197,毛巾,13,"洗澡, 洗脸, 上午, 浴室, 脸盆, 洗脚盆, 沐浴露, 洗发露, 洗面奶, 纸巾, 浴缸, 镜子, 马桶"
198,沐浴露,3,"洗澡, 浴室, 背"
199,热水器,4,"洗澡, 沐浴露, 太阳, 太阳, 晴天"
200,整理,19,"洗澡, 刷牙, 洗脸, 喝水, 剃须刀, 浴室, 手套, 手套, 毛巾, 洗面奶, 书架, 抽屉, 抽屉, 抽屉, 柜子, 柜子, 柜子, 浴缸, 镜子, 镜子, 镜子, 蟑螂, 保姆, 护工, 清洁工, 清洁工, 清洁工, 社工"
201,刷,9,"洗澡, 洗脸, 背心, 皮鞋, 牙齿, 洗手池, 洗手池, 凉鞋, 凉鞋, 牙刷, 牙刷, 牙刷, 清洁工"
202,涂抹,6,"洗澡, 药膏, 口红, 沐浴露, 洗发露, 洗面奶"
203,起床,5,"洗澡, 刷牙, 洗脸, 穿衣服, 床"
204,清新,10,"刷牙, 公园, 凉鞋, 洗发露, 牙膏, 果汁, 水, 汽水, 西瓜, 雨"
205,牙刷,4,"刷牙, 刷牙, 牙齿, 上午, 浴室"
206,牙膏,6,"刷牙, 药膏, 牙齿, 浴室, 牙刷, 牙膏"
207,开会,5,"刷牙, 视频, 皮鞋, 上午, 老师"
208,医疗器械,7,"去医院, 药店, 刀子, 口罩, 矫正板, 血压仪, 轮椅"
209,救护车,4,"去医院, 家, 公园, 医生"
210,祖父,46,"去医院, 回家, 说话, 背心, 墨镜, 运动鞋, 剃须刀, 包子, 面条, 牛肉, 猪肉, 叶子, 秋衣, 长裤, 卫衣, 凉鞋, 发卡, 发箍, 口罩, 口袋, 围巾, 头绳, 帽子, 冰箱, 微波炉, 洗衣机, 空调, 风扇, 电视机, 洋葱, 番茄, 白菜, 白萝卜, 胡萝卜, 火龙果, 芒果, 苹果, 鱼, 外婆, 女孩, 女孩, 奶奶, 姑姑, 姑父, 家人, 家人, 母亲, 父亲"
211,祖母,50,"去医院, 回家, 说话, 厨房, 厨房, 包子, 面条, 南瓜, 土豆, 玉米, 牛肉, 猪肉, 鸡蛋, 虾, 螃蟹, 叶子, 秋衣, 长裤, 卫衣, 凉鞋, 发卡, 发箍, 口罩, 口袋, 围巾, 头绳, 帽子, 煮锅, 冰箱, 微波炉, 洗衣机, 空调, 风扇, 电视机, 洋葱, 番茄, 番茄, 白菜, 白萝卜, 胡萝卜, 火龙果, 芒果, 苹果, 鱼, 外公, 女孩, 女孩, 姑姑, 姑父, 家人, 家人, 母亲, 父亲, 爷爷"
212,看病,22,"去医院, 护理中心, 发烧, 发烧, 发烧, 发烧, 医院, 医院, 医院, 口罩, 咳嗽, 头痛, 头痛, 头痛, 感冒, 感冒, 感冒, 感冒, 淤青, 淤青, 淤青, 瘙痒, 瘙痒, 瘙痒, 胃痛, 胃痛, 胃痛, 高肌张力, 高肌张力, 药, 药, 中药, 中药, 药片, 药片, 胶囊, 胶囊, 腹部, 膝盖, 医生, 姐妹, 姐妹, 小孩, 小孩, 朋友, 朋友"
213,治疗,10,"去医院, 护理中心, 医院, 药店, 药, 中药, 药片, 胶囊, 医生, 护工"
214,骑车,6,"回家, 路, 袖子, 袖子, 自行车, 腿, 外卖员"
215,玩耍,23,"玩手机, 狗, 平板电脑, 电脑, 电视机, 笔记本电脑, 果汁, 果汁, 汽水, 汽水, 酒, 酒, 太阳, 晴天, 儿子, 兄弟, 女人, 女儿, 女孩, 女孩, 姐妹, 小孩, 男孩, 侄子, 侄女, 外甥, 外甥女"
216,点击,4,"玩手机, 平板电脑, 手机, 电脑"
217,回家,18,"视频, 玩手机, 出租车, 中午, 家, 脚, 下午, 邻居, 邻居, 外公, 外婆, 奶奶, 妻子, 家人, 侄子, 侄女, 外甥, 外甥女, 舅妈"
218,员工,18,"视频, 玩手机, 皮鞋, 上午, 中午, 银行, 果汁, 水, 水, 汽水, 牛奶, 酒, 酸奶, 柠檬, 梨, 樱桃, 橙子, 下午, 外卖员"
219,老板,4,"视频, 皮鞋, 茶, 下午"
220,同事,19,"视频, 停车场, 皮鞋, 出租车, 楼梯, 电梯, 碗, 头痛, 感冒, 淤青, 瘙痒, 胃痛, 药, 中药, 药片, 胶囊, 平板电脑, 电脑, 姐妹"
221,工作,21,"视频, 咖啡, 眼镜, 眼镜, 头痛, 脖子, 电脑, 电脑, 笔记本电脑, 笔记本电脑, 笔记本电脑, 水, 丈夫, 年轻人, 儿子, 女人, 女人, 女儿, 妻子, 母亲, 父亲, 阿姨, 叔叔, 婶婶, 舅舅, 舅妈"
222,儿子,36,"起床, 喝水, 吃药, 玩手机, 皮鞋, 运动鞋, 剃须刀, 卫衣, 凉鞋, 帽子, 桌子, 椅子, 沙发, 浴缸, 灯, 窗户, 茶几, 镜子, 门, 马桶, 平板电脑, 手机, 电脑, 电视机, 笔记本电脑, 牛油果, 白菜, 白萝卜, 胡萝卜, 火龙果, 芒果, 苹果, 鱼, 丈夫, 妻子, 妻子, 家人"
223,女儿,39,"起床, 喝水, 吃药, 玩手机, 运动鞋, 卫衣, 凉鞋, 发卡, 发箍, 头绳, 帽子, 桌子, 椅子, 沙发, 浴缸, 灯, 窗户, 茶几, 镜子, 门, 马桶, 平板电脑, 手机, 电脑, 电视机, 笔记本电脑, 牛油果, 生姜, 白菜, 白萝卜, 胡萝卜, 火龙果, 芒果, 苹果, 蟑螂, 鱼, 丈夫, 妻子, 妻子, 家人"
224,老人,44,"起床, 喝水, 吃药, 去医院, 窗边, 护理中心, 护理中心, 药膏, 血糖仪, 牙齿, 茶, 医院, 血压仪, 康复训练, 按摩, 腿, 脚, 膝盖, 鸟, 下午, 年轻人, 兄弟, 兄弟, 外公, 外婆, 女人, 女人, 奶奶, 妻子, 姐妹, 姐妹, 姐妹, 姑姑, 姑父, 家人, 朋友, 母亲, 父亲, 爷爷, 男人, 老人, 舅妈, 售货员, 服务员, 清洁工, 理疗师, 理疗师, 社工, 维修工, 老师"
225,水,19,"喝水, 出租车, 螃蟹, 洗脚盆, 毛巾, 沐浴露, 碗, 纸巾, 浴缸, 果汁, 果汁, 水, 汽水, 汽水, 牛奶, 牛奶, 酒, 酒, 酸奶, 酸奶, 鸟, 雨, 雨天, 雪"
226,举,11,"喝水, 吃药, 玩手机, 阳台, 平底锅, 果汁, 水, 汽水, 牛奶, 酒, 酸奶"
227,病人,26,"去医院, 去医院, 护理中心, 发烧, 药膏, 医院, 头痛, 感冒, 淤青, 瘙痒, 胃痛, 高肌张力, 药, 中药, 药片, 胶囊, 胳膊, 胳膊, 脖子, 脖子, 腿, 腿, 脚, 脚, 脸, 脸, 腹部, 腹部, 膝盖, 膝盖, 医生, 护工, 护士, 理疗师, 理疗师"
228,下班,4,"回家, 家, 平板电脑, 清洁工"
229,聊天,20,"说话, 窗边, 客厅, 手机, 云, 台风, 天空, 外公, 外婆, 奶奶, 老人, 侄子, 侄女, 外甥, 外甥女, 阿姨, 叔叔, 婶婶, 舅舅, 舅妈"
230,陶瓷,12,"厨房, 窗边, 客厅, 浴室, 门口, 医院, 刀子, 叉子, 杯子, 花瓶, 浴缸, 浴缸, 马桶, 马桶"
231,光滑,40,"厨房, 皮鞋, 皮鞋, 血糖仪, 洗手池, 鸡蛋, 手套, 刀子, 脸盆, 洗脚盆, 口红, 平底锅, 碗, 墙壁, 床, 抽屉, 桌子, 桌子, 椅子, 椅子, 浴缸, 窗户, 茶几, 镜子, 门, 门, 马桶, 冰箱, 微波炉, 洗衣机, 空调, 风扇, 平板电脑, 手机, 电脑, 电视机, 笔记本电脑, 柠檬, 樱桃, 橙子, 蘑菇, 蟑螂, 鱼, 草"
232,方形,65,"厨房, 窗边, 墨镜, 充电器, 药膏, 血糖仪, 牙齿, 洗手池, 巧克力, 客厅, 家, 浴室, 电梯, 阳台, 书店, 医院, 商店, 学校, 广场, 药店, 菜市场, 街, 路, 银行, 发卡, 围巾, 刀子, 手写板, 床单, 毛巾, 毛毯, 笔记本, 笔记本, 纸, 纸巾, 被子, 餐巾, 公共汽车, 救护车, 火车, 车, 药片, 口罩, 矫正板, 指甲, 地板, 桌子, 桌子, 椅子, 沙发, 浴缸, 窗户, 窗户, 茶几, 茶几, 镜子, 镜子, 门, 门, 门, 马桶, 冰箱, 微波炉, 洗衣机, 空调, 平板电脑, 手机, 电脑, 电视机, 笔记本电脑, 饼干, 馒头"
233,香,26,"厨房, 面条, 茶, 牛肉, 猪肉, 鸡蛋, 螃蟹, 浴室, 街, 床单, 床单, 枕头, 洗发露, 洗面奶, 纸巾, 肥皂, 被子, 脸, 冰箱, 微波炉, 西兰花, 香菜, 香蕉, 羊肉, 鸡肉, 花, 草"
234,黄色,43,"厨房, 出租车, 牙齿, 洗手池, 面条, 茶, 南瓜, 土豆, 玉米, 鸡蛋, 狗, 猫, 虫, 叶子, 卫衣, 发卡, 脸盆, 洗脚盆, 筷子, 药片, 胶囊, 茶几, 蛋糕, 通心粉, 饼干, 果汁, 汽水, 酒, 柠檬, 梨, 樱桃, 橙子, 生姜, 胡萝卜, 芒果, 菠萝, 香蕉, 黄瓜, 蛋黄, 月, 太阳, 星星, 月亮"
235,白色,99,"厨房, 皮鞋, 充电器, 发烧, 血糖仪, 牙齿, 洗手池, 包子, 巧克力, 面条, 玉米, 鸡蛋, 虾, 螃蟹, 狗, 猫, 虫, 冬季, 雾, 书店, 医院, 药店, 银行, 长裤, 卫衣, 凉鞋, 发卡, 发箍, 口罩, 口袋, 靴子, 勺子, 手写板, 叉子, 枕头, 沐浴露, 洗发露, 洗面奶, 牙刷, 牙膏, 碗, 纸, 纸巾, 肥皂, 被子, 餐巾, 公共汽车, 救护车, 火车, 飞机, 药片, 胶囊, 血压仪, 眼睛, 背, 胳膊, 脖子, 腿, 脚, 脸, 脸, 腹部, 膝盖, 鼻子, 浴缸, 马桶, 冰箱, 微波炉, 洗衣机, 空调, 风扇, 平板电脑, 电视机, 笔记本电脑, 耳机, 米饭, 面包, 饼, 馒头, 馒头, 果汁, 牛奶, 酒, 酸奶, 洋葱, 白菜, 白萝卜, 火龙果, 茄子, 蘑菇, 西兰花, 鸡肉, 鱼肉, 月, 云, 云, 星星, 晴天, 月亮, 雨天, 雪, 雷电"
236,大,98,"厨房, 窗边, 护理中心, 背心, 皮鞋, 运动鞋, 出租车, 药膏, 洗手池, 包子, 面条, 南瓜, 螃蟹, 狗, 叶子, 树, 树林, 树枝, 雾, 风, 风, 家, 书店, 公园, 医院, 医院, 商店, 学校, 广场, 菜市场, 街, 路, 郊外, 长裤, 卫衣, 凉鞋, 发卡, 发箍, 口罩, 口袋, 帽子, 背包, 靴子, 脸盆, 洗脚盆, 床单, 平底锅, 杯子, 枕头, 毛毯, 沐浴露, 洗发露, 煮锅, 碗, 被子, 公共汽车, 救护车, 火车, 车, 飞机, 淤青, 矫正板, 血压仪, 轮椅, 康复训练, 按摩, 肩, 胸, 脚, 书架, 地板, 墙壁, 床, 柜子, 桌子, 沙发, 浴缸, 浴缸, 茶几, 镜子, 门, 冰箱, 空调, 蛋糕, 饼, 香肠, 西瓜, 羊肉, 鱼肉, 鱼, 月, 云, 台风, 太阳, 星星, 晴天, 月亮, 雨, 雨天, 雪, 雷电"
237,小,135,"厨房, 窗边, 背心, 皮鞋, 运动鞋, 剃须刀, 充电器, 出租车, 药膏, 牙齿, 洗手池, 吹风机, 包子, 巧克力, 面条, 咖啡, 茶, 南瓜, 土豆, 玉米, 鸡蛋, 扇贝, 虾, 螃蟹, 狗, 猫, 老鼠, 苍蝇, 虫, 蚂蚁, 叶子, 树, 树林, 树枝, 风, 浴室, 电梯, 公园, 医院, T恤, 长裤, 卫衣, 凉鞋, 发卡, 发箍, 口罩, 口袋, 帽子, 眼镜, 袖子, 袜子, 鞋带, 刀子, 勺子, 叉子, 口红, 平底锅, 杯子, 枕头, 毛巾, 沐浴露, 洗发露, 洗面奶, 煮锅, 牙刷, 牙膏, 碗, 笔, 笔记本, 筷子, 纸, 纸巾, 肥皂, 餐巾, 轮椅, 淤青, 药, 药片, 胶囊, 开塞露, 口罩, 下巴, 嘴巴, 胸, 脚, 鼻子, 腰, 头发, 指甲, 抽屉, 桌子, 椅子, 灯, 镜子, 平板电脑, 手机, 耳机, 米饭, 糖果, 通心粉, 面包, 饼干, 馒头, 果汁, 水, 汽水, 牛奶, 酒, 酸奶, 柠檬, 梨, 樱桃, 樱桃, 橙子, 茄子, 菠菜, 葡萄, 蘑菇, 西兰花, 豆角, 青椒, 青菜, 香菜, 香蕉, 黄瓜, 羊肉, 蛋黄, 香肠, 香肠, 鸡肉, 鸡肉, 鸭肉, 鸭肉, 鱼肉, 鱼肉, 蚊子, 蟑螂, 鱼, 鸟, 花, 秒钟"
238,窄,5,"厨房, 窗边, 洗手池, 面条, 楼梯"
239,宽敞,3,"厨房, 书店, 路"
240,拥挤,4,"厨房, 书店, 医院, 脚"
241,热,54,"厨房, 背心, 发烧, 吹风机, 包子, 茶, 中午, 客厅, 家, 浴室, 菜市场, 毛巾, 毛毯, 沐浴露, 煮锅, 煮锅, 碗, 背, 胳膊, 胸, 脖子, 腿, 脸, 腹部, 膝盖, 空调, 风扇, 平板电脑, 手机, 电脑, 电视机, 笔记本电脑, 馒头, 香肠, 果汁, 水, 牛奶, 梨, 洋葱, 牛油果, 番茄, 白菜, 白萝卜, 胡萝卜, 羊肉, 香肠, 鸡肉, 鸭肉, 鱼肉, 鱼, 夏季, 太阳, 太阳, 太阳, 太阳, 星星, 晴天, 晴天, 晴天, 晴天, 月亮, 雷电"
242,房间,5,"厨房, 地毯, 墙壁, 门, 蟑螂"
243,服务员,26,"厨房, 包子, 巧克力, 面条, 可乐, 茶, 南瓜, 土豆, 玉米, 牛肉, 猪肉, 鸡蛋, 虾, 螃蟹, 碗, 微波炉, 果汁, 果汁, 汽水, 汽水, 牛奶, 牛奶, 酒, 酒, 酸奶, 酸奶, 柠檬, 梨, 樱桃, 橙子, 下午"
244,烹饪,9,"厨房, 刀子, 平底锅, 平底锅, 微波炉, 洋葱, 洋葱, 番茄, 番茄, 白菜, 白萝卜, 胡萝卜"
245,做饭,11,"厨房, 煮锅, 煮锅, 冰箱, 牛奶, 酸奶, 柠檬, 梨, 樱桃, 橙子, 牛油果, 保姆"
246,洗碗,3,"厨房, 手套, 保姆"
247,煎,5,"厨房, 包子, 牛肉, 猪肉, 鸡蛋"
248,炖,5,"厨房, 土豆, 玉米, 牛肉, 猪肉"
249,炒,21,"厨房, 面条, 面条, 茶, 土豆, 牛肉, 猪肉, 香肠, 茄子, 菠菜, 蘑菇, 蘑菇, 西兰花, 豆角, 青椒, 青椒, 青菜, 黄瓜, 羊肉, 蛋黄, 香肠, 鸡肉, 鸭肉, 鱼肉, 鱼"
250,蒸,16,"厨房, 包子, 南瓜, 土豆, 扇贝, 虾, 馒头, 茄子, 蘑菇, 西兰花, 豆角, 蛋黄, 香肠, 鸡肉, 鸭肉, 鱼肉"
251,煮,25,"厨房, 面条, 茶, 南瓜, 玉米, 鸡蛋, 煮锅, 煮锅, 米饭, 通心粉, 茄子, 菠菜, 蘑菇, 西兰花, 豆角, 青椒, 青菜, 香菜, 黄瓜, 羊肉, 蛋黄, 香肠, 鸡肉, 鸭肉, 鱼肉, 鱼"
252,烤,15,"厨房, 土豆, 玉米, 牛肉, 猪肉, 蛋糕, 面包, 饼, 饼干, 茄子, 蘑菇, 西兰花, 豆角, 青椒, 青菜"
253,烧,6,"厨房, 玉米, 虾, 螃蟹, 树枝, 鱼"
254,搅拌,9,"厨房, 药膏, 面条, 果汁, 水, 汽水, 牛奶, 酒, 酸奶"
255,聚会,12,"厨房, 蛋糕, 酒, 侄子, 侄子, 侄女, 侄女, 外甥, 外甥, 外甥女, 外甥女, 阿姨, 阿姨, 叔叔, 叔叔, 婶婶, 婶婶, 舅舅, 舅舅, 舅妈, 舅妈"
256,舒服,19,"窗边, 窗边, 背心, 浴室, T恤, 卫衣, 凉鞋, 拖鞋, 拖鞋, 毛毯, 按摩, 胸, 脖子, 脚, 鼻子, 地毯, 沙发, 空调, 风扇, 春季, 秋季"
257,光,26,"窗边, 墨镜, 洗手池, 家, 阳台, 阳台, 床单, 浴缸, 灯, 灯, 灯, 灯, 茶几, 镜子, 马桶, 花, 太阳, 太阳, 星星, 星星, 晴天, 月亮, 月亮, 雷电, 雷电, 学生, 年轻人, 儿子, 女儿, 女孩, 小孩, 男人, 快递员, 社工"
258,玻璃,19,"窗边, 阳台, 手写板, 杯子, 碗, 花瓶, 公共汽车, 救护车, 火车, 自行车, 车, 飞机, 书架, 灯, 窗户, 窗户, 茶几, 镜子, 电视机, 清洁工"
259,木头,23,"窗边, 客厅, 楼梯, 门口, 书店, 公园, 刀子, 勺子, 平底锅, 笔记本, 纸, 纸, 纸巾, 书架, 床, 床, 床, 抽屉, 抽屉, 柜子, 柜子, 桌子, 椅子, 沙发, 茶几, 门, 酒, 树干, 树干"
260,布料,11,"窗边, T恤, 长裤, 口罩, 口袋, 帽子, 床单, 枕头, 毛巾, 毛毯, 口罩, 沙发"
261,透明,7,"窗边, 鸡蛋, 杯子, 碗, 花瓶, 指甲, 茶几"
262,宽,8,"窗边, 洗手池, 面条, 面条, 楼梯, 长裤, 卫衣, 凉鞋, 床单"
263,凉爽,10,"窗边, 背心, 客厅, 家, 门口, 公园, 凉鞋, 空调, 风扇, 风扇, 秋季, 秋季"
264,关闭,22,"窗边, 窗边, 剃须刀, 洗手池, 吹风机, 门口, 商店, 银行, 手写板, 抽屉, 柜子, 门, 马桶, 冰箱, 冰箱, 微波炉, 微波炉, 洗衣机, 洗衣机, 空调, 空调, 风扇, 风扇, 平板电脑, 平板电脑, 手机, 手机, 电脑, 电脑, 电视机, 电视机, 笔记本电脑, 笔记本电脑"
265,室内,6,"窗边, 停车场, 书架, 地板, 地板, 地毯, 墙壁"
266,孩子,54,"窗边, 发烧, 牙齿, 包子, 巧克力, 面条, 可乐, 玉米, 鸡蛋, 虾, 螃蟹, 狗, 猫, 蚂蚁, 树, 树林, 树枝, 上午, 中午, 冬季, 阴天, 医院, 牙刷, 牙膏, 头痛, 感冒, 淤青, 瘙痒, 胃痛, 高肌张力, 药, 中药, 药片, 胶囊, 果汁, 水, 汽水, 牛奶, 酒, 酸奶, 柠檬, 梨, 樱桃, 橙子, 洋葱, 鸟, 下午, 丈夫, 邻居, 保姆, 司机, 儿子, 女儿, 女孩"
267,支撑,8,"窗边, 树枝, 胸罩, 脖子, 腿, 脚, 墙壁, 树干"
268,洗,42,"窗边, 背心, 墨镜, 皮鞋, 剃须刀, 出租车, 发烧, 牙齿, 洗手池, 洗手池, 洗手池, 玉米, 长裤, 卫衣, 帽子, 刀子, 刀子, 勺子, 脸盆, 脸盆, 脸盆, 脸盆, 洗脚盆, 洗脚盆, 平底锅, 平底锅, 杯子, 毛巾, 毛巾, 毛巾, 毛巾, 毛巾, 沐浴露, 洗发露, 洗面奶, 洗面奶, 洗面奶, 洗面奶, 煮锅, 煮锅, 碗, 纸巾, 脸, 脸, 鼻子, 鼻子, 头发, 浴缸, 浴缸, 镜子, 镜子, 洗衣机, 香菜, 黄瓜, 羊肉, 蛋黄, 香肠, 鸡肉, 鸭肉, 鱼肉, 女人, 妻子"
269,路边,5,"停车场, 出租车, 树枝, 银行, 鸟"
270,家人,88,"停车场, 护理中心, 充电器, 发烧, 药膏, 血糖仪, 洗手池, 包子, 可乐, 南瓜, 土豆, 玉米, 牛肉, 猪肉, 鸡蛋, 虾, 螃蟹, 狗, 猫, 树, 树林, 上午, 中午, 冬季, 阴天, 雾, 风, 客厅, 家, 楼梯, 浴室, 电梯, 门口, 阳台, 枕头, 毛巾, 毛毯, 沐浴露, 洗发露, 洗面奶, 牙刷, 牙膏, 碗, 头痛, 感冒, 淤青, 瘙痒, 胃痛, 药, 中药, 药片, 胶囊, 桌子, 椅子, 沙发, 浴缸, 灯, 窗户, 茶几, 镜子, 门, 马桶, 果汁, 水, 汽水, 牛奶, 酒, 酸奶, 柠檬, 梨, 樱桃, 橙子, 茄子, 菠菜, 菠萝, 葡萄, 蘑菇, 西兰花, 西瓜, 豆角, 青椒, 青菜, 医生, 司机, 护工, 姐妹, 姑姑, 姑父"
271,亲戚,31,"停车场, 茶, 南瓜, 土豆, 玉米, 鸡蛋, 虾, 螃蟹, 狗, 猫, 树, 树林, 手机, 花, 年轻人, 司机, 外公, 外公, 外婆, 外婆, 奶奶, 奶奶, 姐妹, 姑父, 姑父, 爷爷, 侄子, 侄子, 侄子, 侄女, 侄女, 侄女, 外甥, 外甥, 外甥, 外甥女, 外甥女, 外甥女, 阿姨, 阿姨, 叔叔, 叔叔, 婶婶, 婶婶, 舅舅, 舅舅, 舅妈, 舅妈"
272,车祸,6,"停车场, 雾, 路, 轮椅, 司机, 外卖员"
273,住院,9,"护理中心, 发烧, 保姆, 医生, 护工, 爷爷, 老人, 护士, 护士, 理疗师, 理疗师"
274,陪伴,7,"护理中心, 狗, 猫, 保姆, 护工, 理疗师, 社工"
275,薄,7,"背心, 内衣, 睡衣, 袖子, 袜子, 毛巾, 毛毯"
276,汗水,4,"背心, 客厅, 背, 脸"
277,夏天,27,"背心, 墨镜, 可乐, 南瓜, T恤, 短裤, 凉鞋, 帽子, 袖子, 沐浴露, 背, 胳膊, 腿, 空调, 空调, 空调, 风扇, 风扇, 风扇, 生姜, 西瓜, 草, 夏季, 季节, 太阳, 星星, 晴天, 月亮, 雨, 雨天, 雷电"
278,商场,23,"背心, T恤, 内衣, 外套, 大衣, 毛衣, 短裤, 裙子, 口红, 洋葱, 牛油果, 生姜, 番茄, 白菜, 白萝卜, 胡萝卜, 火龙果, 芒果, 苹果, 售货员, 售货员, 快递员, 服务员, 清洁工"
279,洗衣服,12,"背心, 洗手池, 阳台, 阳台, 阳台, 内衣, 睡衣, 长裤, 卫衣, 凉鞋, 围巾, 床单, 床单, 洗衣机, 保姆"
280,洗衣粉,6,"背心, 洗手池, 长裤, 卫衣, 凉鞋, 围巾"
281,衣架,5,"背心, 长裤, 卫衣, 围巾, 毛巾"
282,衣柜,6,"背心, 外套, 大衣, 毛衣, 女人, 妻子"
283,洗衣机,22,"背心, 家, 阳台, 阳台, 内衣, 外套, 大衣, 毛衣, 睡衣, 短裤, 秋衣, 衬衣, 袖子, 裙子, 长裤, 卫衣, 围巾, 帽子, 床单, 毛巾, 毛毯, 女人, 妻子"
284,售货员,35,"背心, 墨镜, 皮鞋, 吹风机, 巧克力, 可乐, 南瓜, 土豆, 玉米, 牛肉, 猪肉, 鸡蛋, 虾, 螃蟹, 商店, 药店, T恤, 枕头, 毛巾, 毛毯, 沐浴露, 洗发露, 洗面奶, 牙刷, 牙膏, 果汁, 水, 汽水, 牛奶, 酒, 酸奶, 柠檬, 梨, 樱桃, 橙子"
285,爷爷,3,"背心, 公园, 奶奶"
286,室友,10,"背心, 洗手池, 电梯, 门口, 拖鞋, 袖子, 毛巾, 洗面奶, 洗衣机, 空调"
287,比赛,6,"背心, 运动鞋, 运动鞋, 帽子, 草, 秒钟, 男孩"
288,脱下,26,"背心, 皮鞋, 运动鞋, 内衣, 外套, 大衣, 毛衣, 睡衣, 短裤, 秋衣, 衬衣, 袖子, 裙子, 长裤, 长裤, 卫衣, 卫衣, 凉鞋, 凉鞋, 口罩, 帽子, 手套, 拖鞋, 拖鞋, 拖鞋, 胸罩, 袖子, 袜子, 靴子, 鞋带, 领带, 胸"
289,圆形,35,"墨镜, 巧克力, 南瓜, 土豆, 鸡蛋, 螃蟹, 公园, 发箍, 帽子, 勺子, 脸盆, 洗脚盆, 茶壶, 自行车, 药片, 膝盖, 桌子, 桌子, 椅子, 灯, 灯, 茶几, 镜子, 镜子, 风扇, 米饭, 饼, 饼干, 馒头, 白菜, 芒果, 茄子, 葡萄, 西瓜, 西瓜, 青菜, 蟑螂, 花, 月"
290,黑色,50,"墨镜, 皮鞋, 剃须刀, 充电器, 牙齿, 洗手池, 巧克力, 可乐, 可乐, 咖啡, 茶, 虾, 狗, 猫, 老鼠, 苍蝇, 虫, 蚂蚁, 阴天, 长裤, 卫衣, 凉鞋, 发卡, 发箍, 口袋, 围巾, 头绳, 帽子, 手写板, 叉子, 平底锅, 煮锅, 笔, 车, 中药, 眼睛, 头发, 冰箱, 微波炉, 洗衣机, 风扇, 平板电脑, 电视机, 笔记本电脑, 耳机, 汽水, 樱桃, 香蕉, 蚊子, 鱼, 晚上"
291,口罩,3,"墨镜, 脸, 鼻子, 鼻子"
292,太阳,7,"墨镜, 中午, 雾, 阳台, 公园, 眼镜, 年轻人, 年轻人"
293,歌手,3,"墨镜, 眼镜, 耳机"
294,兄弟,11,"墨镜, 卫衣, 凉鞋, 帽子, 儿子, 女儿, 女孩, 姐妹, 家人, 叔叔, 婶婶"
295,姐妹,18,"墨镜, 卫衣, 卫衣, 凉鞋, 凉鞋, 发卡, 发卡, 发箍, 发箍, 头绳, 帽子, 儿子, 女儿, 女孩, 女孩, 家人, 家人, 侄子, 侄女, 外甥, 外甥女, 阿姨, 舅舅, 舅妈"
296,遮阳,4,"墨镜, 树, 树林, 帽子"
297,防晒,3,"墨镜, 外套, 袖子, 袖子"
298,棕色,32,"皮鞋, 咖啡, 叶子, 树, 树枝, 楼梯, 凉鞋, 围巾, 勺子, 茶壶, 中药, 药片, 背, 胳膊, 胸, 脖子, 腿, 脚, 脸, 腹部, 膝盖, 鼻子, 茶几, 汽水, 牛油果, 蘑菇, 羊肉, 香肠, 鸭肉, 蟑螂, 鱼, 树干"
299,白领,7,"皮鞋, 背包, 手写板, 脖子, 平板电脑, 电脑, 笔记本电脑"
300,经理,4,"皮鞋, 茶, 服务员, 清洁工"
301,活泼,13,"运动鞋, 菠萝, 同学, 年轻人, 儿子, 女人, 女儿, 女孩, 姐妹, 姐妹, 小孩, 朋友, 母亲, 男孩"
302,柔软,21,"运动鞋, 包子, 床单, 口红, 枕头, 毛巾, 毛毯, 牙刷, 嘴巴, 大腿, 头, 小腿, 屁股, 手, 手腕, 耳朵, 脸, 腹部, 头发, 沙发, 馒头"
303,弹性,6,"运动鞋, 袖子, 柠檬, 樱桃, 橙子, 香肠"
304,健身,10,"运动鞋, 公园, 胳膊, 腿, 腹部, 牛油果, 西兰花, 鸡肉, 鱼肉, 男人"
305,跑步,4,"运动鞋, 公园, 脚, 膝盖"
306,金属,47,"剃须刀, 出租车, 吹风机, 家, 电梯, 商店, 学校, 广场, 药店, 菜市场, 银行, 发卡, 发箍, 眼镜, 刀子, 勺子, 手写板, 叉子, 平底锅, 杯子, 煮锅, 公共汽车, 救护车, 火车, 自行车, 车, 轮椅, 飞机, 血压仪, 轮椅, 桌子, 椅子, 沙发, 茶几, 镜子, 门, 冰箱, 微波炉, 洗衣机, 洗衣机, 空调, 风扇, 风扇, 平板电脑, 手机, 手机, 电脑, 电脑, 电脑, 电视机, 电视机, 电视机, 笔记本电脑, 耳机, 秒钟"
307,塑料,29,"剃须刀, 吹风机, 浴室, 菜市场, 发卡, 发箍, 头绳, 手套, 刀子, 勺子, 手写板, 脸盆, 洗脚盆, 叉子, 牙刷, 碗, 笔, 矫正板, 桌子, 椅子, 窗户, 茶几, 镜子, 门, 空调, 风扇, 电脑, 电视机, 耳机"
308,长,16,"剃须刀, 药膏, 面条, 虾, 树枝, 长裤, 卫衣, 围巾, 头绳, 床单, 脖子, 腿, 白萝卜, 茄子, 豆角, 树干"
309,银色,12,"剃须刀, 煮锅, 轮椅, 镜子, 冰箱, 微波炉, 洗衣机, 空调, 风扇, 平板电脑, 电视机, 笔记本电脑"
310,卫生间,12,"剃须刀, 牙齿, 洗手池, 洗手池, 脸, 头发, 浴缸, 浴缸, 灯, 窗户, 镜子, 门, 马桶, 蟑螂"
311,理发师,3,"剃须刀, 吹风机, 头发"
312,盒子,4,"充电器, 血糖仪, 公共汽车, 救护车"
313,有电,12,"充电器, 充电器, 血糖仪, 冰箱, 冰箱, 微波炉, 微波炉, 洗衣机, 洗衣机, 空调, 空调, 风扇, 风扇, 平板电脑, 平板电脑, 手机, 手机, 电脑, 电脑, 电视机, 电视机, 笔记本电脑, 笔记本电脑"
314,电线,3,"充电器, 吹风机, 灯"
315,朋友,40,"充电器, 出租车, 狗, 公园, 胸罩, 毛巾, 毛毯, 碗, 头痛, 感冒, 淤青, 瘙痒, 胃痛, 药, 中药, 药片, 胶囊, 手机, 果汁, 水, 汽水, 牛奶, 酒, 酸奶, 柠檬, 梨, 樱桃, 橙子, 茄子, 菠菜, 菠萝, 葡萄, 蘑菇, 西兰花, 西瓜, 豆角, 青椒, 青菜, 邻居, 姐妹"
316,橡胶,10,"出租车, 凉鞋, 手套, 拖鞋, 公共汽车, 救护车, 车, 轮椅, 飞机, 电脑"
317,绿色,33,"出租车, 茶, 玉米, 苍蝇, 虫, 叶子, 树, 树林, 公园, 菜市场, 郊外, 卫衣, 脸盆, 洗脚盆, 火车, 淤青, 果汁, 汽水, 柠檬, 梨, 牛油果, 白菜, 芒果, 苹果, 菠菜, 葡萄, 西兰花, 西兰花, 西瓜, 豆角, 香菜, 香蕉, 黄瓜, 草"
318,红色,29,"出租车, 茶, 牛肉, 猪肉, 虾, 螃蟹, 蚂蚁, 叶子, 菜市场, 卫衣, 发卡, 围巾, 口红, 胶囊, 脸, 香肠, 果汁, 酒, 樱桃, 橙子, 番茄, 胡萝卜, 芒果, 苹果, 西瓜, 羊肉, 鸭肉, 月, 太阳"
319,新,6,"出租车, 药膏, 毛巾, 毛毯, 牙刷, 碗"
320,旧,5,"出租车, 毛巾, 毛毯, 牙刷, 碗"
321,旅行,19,"出租车, 出租车, 树林, 门口, 路, 眼镜, 背包, 背包, 公共汽车, 火车, 火车, 自行车, 自行车, 车, 飞机, 飞机, 轮椅, 水, 春季, 星星, 同学, 年轻人, 姐妹, 朋友, 朋友"
322,秋天,13,"发烧, 南瓜, 叶子, 外套, 大衣, 毛衣, 长裤, 卫衣, 帽子, 毛毯, 鸟, 夏季, 季节"
323,下雨,11,"发烧, 发烧, 风, 书店, 公园, 凉鞋, 凉鞋, 眼镜, 毛巾, 毛巾, 淤青, 浴缸, 蚊子, 雷电"
324,打针,6,"发烧, 医院, 手套, 手套, 头痛, 感冒, 药"
325,测量,3,"发烧, 血糖仪, 血糖仪, 血糖仪, 血压仪"
326,打点滴,5,"发烧, 外公, 外婆, 奶奶, 爷爷"
327,冰敷,4,"发烧, 头痛, 感冒, 淤青, 淤青"
328,呕吐,3,"发烧, 头痛, 马桶"
329,软,30,"药膏, 面条, 南瓜, 玉米, 猪肉, 内衣, 睡衣, 秋衣, 拖鞋, 胸罩, 洗面奶, 牙膏, 胶囊, 胸, 鼻子, 米饭, 柠檬, 梨, 樱桃, 橙子, 牛油果, 茄子, 葡萄, 西瓜, 香蕉, 香肠, 鱼肉, 鱼, 花, 草"
330,药店,5,"药膏, 药, 药, 中药, 中药, 药片, 药片, 胶囊, 胶囊"
331,中医,4,"药膏, 头痛, 头痛, 感冒, 按摩"
332,挤出,5,"药膏, 沐浴露, 洗发露, 洗面奶, 牙膏"
333,受伤,6,"药膏, 淤青, 淤青, 腿, 脚, 脸, 膝盖"
334,脏,7,"牙齿, 袖子, 袖子, 平底锅, 枕头, 毛巾, 碗, 蟑螂"
335,瓜子,3,"牙齿, 南瓜, 电视机"
336,骨头,11,"牙齿, 猪肉, 手套, 背, 胳膊, 脖子, 腿, 脚, 脸, 膝盖, 鼻子"
337,盆,16,"洗手池, 南瓜, 土豆, 长裤, 卫衣, 围巾, 毛巾, 洗发露, 洗面奶, 煮锅, 碗, 浴缸, 浴缸, 马桶, 马桶, 外公, 外婆, 奶奶"
338,脆,15,"洗手池, 巧克力, 玉米, 笔, 洋葱, 白菜, 白萝卜, 苹果, 西兰花, 西瓜, 豆角, 青椒, 香菜, 黄瓜, 鸡肉"
339,粗糙,5,"洗手池, 树枝, 手套, 地毯, 梨"
340,厨房,52,"洗手池, 面条, 玉米, 牛肉, 猪肉, 鸡蛋, 苍蝇, 手套, 手套, 袖子, 刀子, 勺子, 平底锅, 煮锅, 碗, 灯, 窗户, 门, 冰箱, 微波炉, 果汁, 水, 汽水, 牛奶, 酸奶, 柠檬, 梨, 樱桃, 橙子, 洋葱, 牛油果, 生姜, 番茄, 白菜, 白萝卜, 胡萝卜, 茄子, 菠菜, 蘑菇, 西兰花, 豆角, 青椒, 青菜, 香菜, 黄瓜, 羊肉, 蛋黄, 香肠, 鸡肉, 鸭肉, 鱼肉, 蟑螂, 鱼"
341,抹布,3,"洗手池, 手套, 清洁工"
342,水龙头,3,"洗手池, 脸盆, 洗脚盆"
343,洗漱,13,"洗手池, 上午, 浴室, 毛巾, 沐浴露, 洗发露, 牙刷, 牙膏, 浴缸, 灯, 镜子, 马桶, 护工"
344,倒出,14,"洗手池, 可乐, 咖啡, 茶, 客厅, 脸盆, 洗脚盆, 杯子, 果汁, 果汁, 水, 水, 汽水, 汽水, 牛奶, 牛奶, 酒, 酒, 酸奶, 酸奶"
345,化妆,8,"吹风机, 发卡, 发箍, 头绳, 口红, 口红, 脸, 镜子, 镜子, 女人"
346,模特,4,"吹风机, 口红, 腿, 脸"
347,客人,33,"吹风机, 包子, 包子, 巧克力, 巧克力, 面条, 面条, 可乐, 客厅, 客厅, 桌子, 桌子, 椅子, 椅子, 沙发, 沙发, 窗户, 茶几, 茶几, 门, 电视机, 果汁, 水, 汽水, 牛奶, 酒, 酸奶, 柠檬, 梨, 樱桃, 橙子, 香菜, 黄瓜, 羊肉, 蛋黄, 香肠, 鸡肉, 鸭肉, 鱼肉, 售货员, 服务员"
348,吹,5,"吹风机, 吹风机, 雾, 风, 风, 风扇, 夏季"
349,咸,13,"包子, 面条, 鸡蛋, 螃蟹, 脚, 汽水, 豆角, 羊肉, 蛋黄, 香肠, 鸡肉, 鸭肉, 鱼肉"
350,甜,38,"包子, 巧克力, 可乐, 茶, 南瓜, 玉米, 鸡蛋, 药, 中药, 米饭, 糖果, 糖果, 蛋糕, 面包, 饼干, 馒头, 果汁, 汽水, 牛奶, 酒, 酸奶, 梨, 樱桃, 橙子, 洋葱, 白菜, 白萝卜, 胡萝卜, 火龙果, 芒果, 芒果, 苹果, 菠萝, 葡萄, 青菜, 香蕉, 黄瓜, 香肠, 鸡肉, 鱼肉"
351,蔬菜,9,"包子, 面条, 菜市场, 果汁, 黄瓜, 季节, 外公, 外婆, 奶奶"
352,筷子,22,"包子, 面条, 南瓜, 土豆, 玉米, 牛肉, 猪肉, 鸡蛋, 螃蟹, 中午, 煮锅, 碗, 米饭, 馒头, 香肠, 香菜, 黄瓜, 羊肉, 蛋黄, 香肠, 鸡肉, 鸭肉, 鱼肉"
353,补充,9,"包子, 巧克力, 面条, 汽水, 酸奶, 橙子, 西兰花, 青菜, 香蕉"
354,能量,3,"包子, 巧克力, 面条"
355,饱腹,3,"包子, 巧克力, 面条"
356,硬,23,"巧克力, 玉米, 螃蟹, 眼镜, 药片, 膝盖, 指甲, 书架, 地板, 床, 抽屉, 柜子, 风扇, 柠檬, 梨, 橙子, 洋葱, 生姜, 番茄, 白萝卜, 胡萝卜, 菠萝, 树干"
357,球形,17,"巧克力, 柠檬, 梨, 梨, 樱桃, 橙子, 橙子, 洋葱, 番茄, 白菜, 火龙果, 芒果, 苹果, 菠萝, 西瓜, 月, 太阳, 太阳, 星星, 月亮, 月亮"
358,苦,13,"巧克力, 咖啡, 茶, 药, 中药, 中药, 药片, 鱼肉, 医生, 司机, 护工, 外卖员, 叔叔, 舅舅"
359,牛奶,10,"巧克力, 玉米, 上午, 杯子, 蛋糕, 面包, 酸奶, 酸奶, 儿子, 女儿, 女孩"
360,糖,5,"巧克力, 汽水, 汽水, 酸奶, 番茄, 鱼"
361,勺子,21,"巧克力, 面条, 南瓜, 土豆, 玉米, 牛肉, 猪肉, 鸡蛋, 螃蟹, 中午, 杯子, 碗, 米饭, 酸奶, 香菜, 黄瓜, 羊肉, 香肠, 鸡肉, 鸭肉, 鱼肉"
362,虫子,13,"面条, 蚂蚁, 枕头, 毛巾, 毛毯, 牙刷, 牙膏, 地毯, 床, 抽屉, 柜子, 蟑螂, 鸟"
363,滑,6,"面条, 内衣, 大衣, 睡衣, 秋衣, 衬衣"
364,油,4,"面条, 毛巾, 开塞露, 脸"
365,条状,19,"面条, 虫, 发卡, 鞋带, 鞋带, 笔, 筷子, 胳膊, 脖子, 腿, 灯, 灯, 耳机, 香肠, 豆角, 黄瓜, 黄瓜, 羊肉, 香肠, 香肠, 鸡肉, 鸡肉, 鸭肉, 鸭肉, 鱼, 草"
366,细,11,"面条, 虾, 树枝, 鞋带, 牙刷, 胳膊, 脖子, 腿, 女人, 姐妹, 母亲"
367,好吃,7,"面条, 牛肉, 猪肉, 鸡蛋, 虾, 螃蟹, 鱼"
368,酸,11,"面条, 药, 中药, 果汁, 酸奶, 酸奶, 柠檬, 樱桃, 橙子, 芒果, 葡萄, 黄瓜"
369,辣,12,"面条, 瘙痒, 胃痛, 汽水, 酒, 洋葱, 生姜, 白萝卜, 青椒, 羊肉, 鸡肉, 鱼肉, 鱼肉"
370,腻,3,"面条, 猪肉, 牛奶"
371,面粉,7,"面条, 蛋糕, 通心粉, 面包, 饼, 饼干, 馒头"
372,汤,10,"面条, 牛肉, 猪肉, 中午, 勺子, 勺子, 勺子, 煮锅, 碗, 水, 酒, 菠菜"
373,锅,14,"面条, 南瓜, 土豆, 玉米, 牛肉, 猪肉, 鸡蛋, 螃蟹, 碗, 通心粉, 香肠, 番茄, 白菜, 胡萝卜"
374,过节,9,"面条, 面条, 冬季, 商店, 外公, 外公, 外公, 外婆, 外婆, 外婆, 奶奶, 奶奶, 奶奶, 姑姑, 姑父, 家人"
375,凉,43,"可乐, 茶, 凉鞋, 刀子, 勺子, 手写板, 枕头, 毛巾, 毛毯, 沐浴露, 洗发露, 洗面奶, 牙刷, 牙膏, 碗, 腹部, 浴缸, 窗户, 茶几, 镜子, 马桶, 洋葱, 牛油果, 生姜, 番茄, 白萝卜, 火龙果, 芒果, 苹果, 茄子, 菠菜, 西兰花, 西瓜, 青菜, 香菜, 香蕉, 黄瓜, 香肠, 鸡肉, 鸭肉, 鱼肉, 蟑螂, 鱼"
376,冰,4,"可乐, 冰箱, 火龙果, 芒果"
377,液体,15,"可乐, 咖啡, 鸡蛋, 药, 中药, 果汁, 果汁, 水, 水, 汽水, 汽水, 牛奶, 牛奶, 酒, 酒, 酸奶, 酸奶, 柠檬, 梨, 樱桃, 橙子"
378,瓶子,8,"可乐, 药, 中药, 药片, 胶囊, 果汁, 汽水, 牛奶"
379,吸管,6,"可乐, 咖啡, 汽水, 牛奶, 酒, 酸奶"
380,深色,3,"咖啡, 靴子, 中药"
381,叶子,4,"茶, 蚂蚁, 树, 树枝"
382,闻,3,"茶, 沐浴露, 花"
383,固体,34,"南瓜, 土豆, 刀子, 勺子, 药, 药片, 胶囊, 桌子, 椅子, 沙发, 浴缸, 灯, 窗户, 茶几, 镜子, 门, 马桶, 柠檬, 梨, 樱桃, 橙子, 茄子, 菠菜, 菠萝, 葡萄, 蘑菇, 西兰花, 西瓜, 豆角, 青椒, 青菜, 月, 秒钟, 云"
384,刀,25,"南瓜, 土豆, 玉米, 牛肉, 猪肉, 鸡蛋, 螃蟹, 柠檬, 梨, 樱桃, 橙子, 洋葱, 生姜, 番茄, 白菜, 白萝卜, 胡萝卜, 芒果, 黄瓜, 羊肉, 蛋黄, 香肠, 鸡肉, 鸭肉, 鱼肉"
385,叉子,16,"南瓜, 土豆, 牛肉, 猪肉, 鸡蛋, 螃蟹, 蛋糕, 通心粉, 洋葱, 黄瓜, 羊肉, 蛋黄, 香肠, 鸡肉, 鸭肉, 鱼肉"
386,农民,39,"南瓜, 土豆, 玉米, 虾, 叶子, 树, 树林, 树枝, 上午, 洋葱, 牛油果, 牛油果, 生姜, 番茄, 番茄, 白菜, 白萝卜, 胡萝卜, 火龙果, 芒果, 苹果, 茄子, 菠菜, 菠萝, 葡萄, 蘑菇, 西兰花, 西瓜, 豆角, 青椒, 青菜, 香菜, 香蕉, 香蕉, 黄瓜, 羊肉, 蛋黄, 蛋黄, 香肠, 鸡肉, 鸡肉, 鸭肉, 鸭肉, 鱼肉, 鱼"
387,丰收,9,"南瓜, 土豆, 玉米, 番茄, 白菜, 白萝卜, 胡萝卜, 苹果, 秋季, 秋季"
388,水果,12,"玉米, 菜市场, 刀子, 叉子, 叉子, 果汁, 果汁, 果汁, 酒, 菠萝, 葡萄, 西瓜, 黄瓜, 树干, 季节"
389,紫色,8,"玉米, 脸盆, 洗脚盆, 淤青, 汽水, 洋葱, 茄子, 葡萄"
390,熟,23,"玉米, 牛肉, 猪肉, 虾, 螃蟹, 茄子, 菠菜, 菠萝, 葡萄, 蘑菇, 西兰花, 西瓜, 豆角, 青椒, 青菜, 香菜, 黄瓜, 羊肉, 蛋黄, 香肠, 鸡肉, 鸭肉, 鱼肉"
391,生,24,"玉米, 牛肉, 猪肉, 虾, 螃蟹, 茄子, 菠菜, 菠萝, 葡萄, 蘑菇, 西兰花, 西瓜, 豆角, 青椒, 青菜, 香菜, 香蕉, 黄瓜, 羊肉, 蛋黄, 鸡肉, 鸭肉, 鱼肉, 蚊子"
392,成熟,24,"玉米, 洋葱, 牛油果, 生姜, 番茄, 白菜, 白萝卜, 胡萝卜, 火龙果, 芒果, 苹果, 茄子, 菠菜, 菠萝, 葡萄, 蘑菇, 西兰花, 西瓜, 豆角, 青椒, 青菜, 老人, 叔叔, 舅舅"
393,新鲜,5,"玉米, 虾, 虾, 螃蟹, 蚂蚁, 黄瓜"
394,农田,14,"玉米, 虾, 螃蟹, 茄子, 菠菜, 菠萝, 葡萄, 蘑菇, 西兰花, 西瓜, 豆角, 青椒, 青菜, 鱼"
395,微波炉,4,"玉米, 碗, 女人, 妻子"
396,小贩,13,"玉米, 牛肉, 猪肉, 洋葱, 牛油果, 生姜, 番茄, 白菜, 白萝卜, 胡萝卜, 火龙果, 芒果, 苹果"
397,剥,3,"玉米, 鸡蛋, 螃蟹"
398,切,19,"玉米, 牛肉, 猪肉, 刀子, 柠檬, 梨, 橙子, 生姜, 番茄, 茄子, 蘑菇, 香菜, 黄瓜, 羊肉, 蛋黄, 香肠, 鸡肉, 鸭肉, 鱼肉"
399,种植,11,"玉米, 茄子, 菠菜, 菠萝, 葡萄, 蘑菇, 西瓜, 豆角, 青菜, 花, 草"
400,卖出,3,"玉米, 鸡蛋, 螃蟹"
401,难吃,4,"牛肉, 猪肉, 鸡蛋, 虾"
402,肥,6,"牛肉, 猪肉, 螃蟹, 狗, 猫, 老鼠"
403,瘦,12,"牛肉, 猪肉, 虾, 螃蟹, 螃蟹, 狗, 猫, 老鼠, 长裤, 卫衣, 凉鞋, 腹部, 男孩"
404,牛排,3,"牛肉, 叉子, 叉子, 姐妹"
405,牛,3,"牛肉, 煮锅, 香肠"
406,粉丝,4,"猪肉, 扇贝, 螃蟹, 蚂蚁"
407,猪,3,"猪肉, 煮锅, 香肠, 香肠"
408,腥,7,"鸡蛋, 虾, 螃蟹, 菜市场, 冰箱, 鱼肉, 鱼"
409,橙色,5,"鸡蛋, 果汁, 汽水, 橙子, 胡萝卜"
410,锅铲,3,"鸡蛋, 螃蟹, 平底锅"
411,鸡,5,"鸡蛋, 煮锅, 蛋黄, 香肠, 鸡肉"
412,坚硬,26,"扇贝, 眼镜, 煮锅, 碗, 公共汽车, 救护车, 火车, 自行车, 车, 轮椅, 飞机, 手肘, 膝盖, 桌子, 椅子, 浴缸, 窗户, 茶几, 镜子, 门, 马桶, 女人, 妻子, 姐妹, 母亲, 父亲"
413,渔民,4,"扇贝, 虾, 螃蟹, 鱼"
414,捕捞,4,"扇贝, 虾, 螃蟹, 鱼"
415,死,4,"虾, 螃蟹, 蚂蚁, 蚊子"
416,江河,3,"虾, 虾, 螃蟹, 螃蟹, 鱼, 鱼"
417,钓鱼,4,"虾, 帽子, 鱼, 爷爷"
418,绘画,3,"虾, 树枝, 花"
419,青色,4,"螃蟹, 青椒, 青菜, 鱼"
420,灰色,22,"螃蟹, 猫, 阴天, 楼梯, 电梯, 街, 路, 发箍, 刀子, 勺子, 手写板, 叉子, 平底锅, 冰箱, 洗衣机, 风扇, 平板电脑, 电视机, 笔记本电脑, 蘑菇, 鱼, 雨天"
421,鱼,9,"螃蟹, 猫, 腹部, 鱼肉, 鸟, 外公, 外婆, 奶奶, 老人"
422,斑点,3,"狗, 香蕉, 香蕉, 蚊子"
423,公园,7,"狗, 鸟, 树干, 花, 草, 女孩, 老人"
424,卡通,5,"狗, 猫, 樱桃, 菠菜, 豆角"
425,动画片,4,"狗, 猫, 牙刷, 小孩"
426,邻居,5,"狗, 猫, 楼梯, 电梯, 水"
427,叫,3,"狗, 猫, 老鼠"
428,下水道,3,"老鼠, 蚂蚁, 蟑螂"
429,猫,3,"老鼠, 黄瓜, 老人"
430,保姆,17,"老鼠, 苍蝇, 虫, 家, 煮锅, 碗, 果汁, 汽水, 牛奶, 酒, 酸奶, 柠檬, 梨, 樱桃, 橙子, 爷爷, 老人"
431,爬,4,"老鼠, 虫, 楼梯, 蟑螂"
432,飞,4,"苍蝇, 虫, 蟑螂, 鸟"
433,森林,7,"蚂蚁, 树枝, 鸟, 树干, 树干, 花, 草, 草, 社工"
434,搬运,4,"蚂蚁, 手套, 树干, 社工"
435,片状,7,"叶子, 胸罩, 药, 药片, 香肠, 鱼肉, 雪"
436,春天,17,"叶子, 雾, 风, 外套, 大衣, 毛衣, 长裤, 卫衣, 帽子, 鸟, 花, 草, 夏季, 季节, 春季, 雨, 雨天"
437,空气,3,"树, 树林, 公园"
438,浇水,3,"树, 花, 草"
439,短,7,"树枝, 长裤, 卫衣, 围巾, 头绳, 脖子, 腿"
440,粗,6,"树枝, 胳膊, 脖子, 腿, 白萝卜, 树干"
441,鸟,6,"树枝, 飞机, 飞机, 外公, 外婆, 奶奶, 老人, 老人"
442,剪,3,"树枝, 脚, 指甲"
443,午餐,9,"中午, 中午, 香菜, 黄瓜, 羊肉, 蛋黄, 香肠, 鸡肉, 鸭肉, 鱼肉"
444,空调,3,"冬季, 家, 夏季, 夏季"
445,手表,3,"小时, 下午, 分钟, 分钟"
446,天气,15,"阴天, 春季, 月, 秋季, 云, 云, 台风, 台风, 天空, 天空, 太阳, 太阳, 太阳, 星星, 星星, 星星, 晴天, 晴天, 晴天, 月亮, 月亮, 月亮, 雨, 雨, 雨, 雨天, 雨天, 雨天, 雪, 雪, 雪, 雷电, 雷电, 雷电"
447,湿,10,"雾, 毛巾, 毛毯, 果汁, 水, 汽水, 牛奶, 酒, 酸奶, 蛋黄"
448,飞机,13,"雾, 桌子, 椅子, 灯, 窗户, 镜子, 门, 马桶, 空调, 手机, 笔记本电脑, 鸟, 天空"
449,冬天,16,"风, 大衣, 毛衣, 长裤, 卫衣, 围巾, 帽子, 靴子, 靴子, 毛毯, 腿, 空调, 空调, 白菜, 白萝卜, 夏季, 季节, 雪"
450,外套,3,"风, 女人, 妻子"
451,裙子,11,"风, 靴子, 大腿, 腿, 花, 夏季, 春季, 女人, 女人, 女儿, 女孩, 妻子, 妻子"
452,冷,56,"客厅, 家, 阳台, 公园, 药店, 外套, 大衣, 毛衣, 秋衣, 毛毯, 纸, 花瓶, 茶壶, 餐巾, 口罩, 矫正板, 血压仪, 轮椅, 背, 胳膊, 脖子, 腿, 脸, 腹部, 膝盖, 冰箱, 空调, 风扇, 平板电脑, 手机, 电脑, 电视机, 笔记本电脑, 耳机, 米饭, 糖果, 通心粉, 饼干, 果汁, 水, 汽水, 牛奶, 酒, 酸奶, 柠檬, 梨, 樱桃, 橙子, 生姜, 鸡肉, 鸭肉, 鱼肉, 晚上, 雨, 雨天, 雪, 雪"
453,轮椅,10,"客厅, 电梯, 电梯, 公园, 医院, 医院, 护工, 外公, 外公, 外婆, 外婆, 奶奶, 奶奶, 爷爷, 老人, 老人"
454,伞,5,"客厅, 太阳, 雨, 雨, 雨, 雨天, 雨天, 雪"
455,电视机,8,"客厅, 外公, 外公, 外婆, 外婆, 女人, 奶奶, 奶奶, 妻子, 爷爷, 老人"
456,盆栽,6,"客厅, 阳台, 花, 外公, 外婆, 奶奶"
457,水泥,5,"家, 街, 路, 地板, 墙壁"
458,外卖,4,"家, 门口, 门口, 袖子, 外卖员"
459,高,3,"楼梯, 鼻子, 男孩"
460,矮,3,"楼梯, 小孩, 男孩"
461,担架,3,"楼梯, 电梯, 救护车"
462,上楼,3,"楼梯, 电梯, 邻居"
463,下楼,3,"楼梯, 电梯, 邻居"
464,暖,37,"浴室, 阳台, 公园, 长裤, 长裤, 卫衣, 卫衣, 围巾, 围巾, 围巾, 帽子, 靴子, 床单, 杯子, 毛巾, 毛毯, 毛毯, 笔, 笔记本, 筷子, 纸巾, 被子, 开塞露, 康复训练, 按摩, 肩, 下巴, 嘴巴, 床, 蛋糕, 面包, 饼, 水, 牛奶, 生姜, 白菜, 胡萝卜, 菠萝, 青椒, 蛋黄, 春季, 春季, 家人"
465,潮湿,5,"浴室, 枕头, 雨, 雨, 雨天, 雨天, 雪, 雪"
466,洗澡,8,"浴室, 发箍, 拖鞋, 毛巾, 沐浴露, 沐浴露, 洗发露, 肥皂, 肥皂, 浴缸, 浴缸"
467,广告,5,"电梯, 沐浴露, 洗发露, 牙刷, 牙膏"
468,物业,4,"电梯, 水, 邻居, 社工"
469,按下,3,"电梯, 手指, 电视机"
470,望远镜,3,"阳台, 星星, 星星, 月亮, 月亮"
471,裤子,9,"阳台, 长裤, 口袋, 大腿, 膝盖, 洗衣机, 夏季, 女人, 女人, 妻子, 妻子"
472,纸,4,"书店, 笔, 笔记本, 树干"
473,打字,3,"书店, 电脑, 笔记本电脑"
474,读,9,"书店, 书架, 平板电脑, 手机, 电脑, 笔记本电脑, 母亲, 父亲, 男人"
475,跳舞,7,"公园, 广场, 发卡, 胳膊, 胸, 脖子, 母亲"
476,广场舞,5,"公园, 广场, 外婆, 奶奶, 老人"
477,消毒液,3,"医院, 药店, 救护车"
478,营养,39,"医院, 瘙痒, 背, 胳膊, 胸, 腿, 脚, 头发, 指甲, 蛋糕, 面包, 饼, 果汁, 果汁, 汽水, 汽水, 汽水, 牛奶, 牛奶, 酒, 酸奶, 酸奶, 酸奶, 柠檬, 柠檬, 梨, 梨, 樱桃, 樱桃, 橙子, 橙子, 橙子, 牛油果, 菠菜, 西兰花, 青菜, 鸡肉, 蟑螂, 鱼, 鸟, 花, 草, 儿子, 外公, 外公, 外婆, 外婆, 女儿, 女孩, 奶奶, 奶奶, 妻子, 老人, 老人, 老人"
479,粥,5,"医院, 勺子, 煮锅, 煮锅, 碗, 社工"
480,手术,7,"医院, 口罩, 手套, 口罩, 膝盖, 鼻子, 医生, 医生, 护工"
481,混凝土,5,"商店, 学校, 广场, 药店, 银行"
482,开放,14,"广场, 菜市场, 街, 路, 郊外, 背包, 床单, 床单, 毛巾, 毛毯, 毛毯, 纸, 被子, 被子, 餐巾, 抽屉, 年轻人"
483,严肃,7,"药店, 银行, 外公, 姑父, 母亲, 父亲, 父亲, 男人, 男人"
484,蓝色,11,"药店, 长裤, 卫衣, 口罩, 脸盆, 洗脚盆, 救护车, 淤青, 胶囊, 口罩, 天空, 晴天"
485,发烧,4,"药店, 中药, 药片, 胶囊"
486,病毒,5,"药店, 口罩, 毛巾, 毛毯, 蟑螂"
487,温度,6,"银行, 桌子, 椅子, 沙发, 灯, 门"
488,保安,4,"银行, 服务员, 清洁工, 维修工"
489,棉,20,"内衣, 外套, 睡衣, 短裤, 秋衣, 卫衣, 口罩, 口袋, 帽子, 手套, 拖鞋, 胸罩, 袖子, 袜子, 鞋带, 枕头, 被子, 餐巾, 地毯, 沙发"
490,妇科,3,"内衣, 女人, 妻子"
491,保护,3,"内衣, 袜子, 指甲"
492,牛仔,4,"外套, 短裤, 衬衣, 长裤"
493,烘干机,13,"外套, 大衣, 毛衣, 睡衣, 短裤, 秋衣, 衬衣, 袖子, 裙子, 长裤, 卫衣, 围巾, 帽子"
494,防止,4,"外套, 大衣, 毛衣, 秋衣"
495,毛线,4,"毛衣, 围巾, 帽子, 地毯"
496,防护,3,"袖子, 手套, 口罩"
497,拍照,5,"裙子, 口红, 手机, 茄子, 花"
498,叔叔,21,"长裤, 卫衣, 凉鞋, 发卡, 发箍, 口罩, 口袋, 围巾, 头绳, 帽子, 外公, 外公, 外婆, 外婆, 奶奶, 奶奶, 奶奶, 姑姑, 母亲, 父亲, 爷爷, 侄子, 侄子, 侄子, 侄女, 侄女, 侄女, 外甥, 外甥, 外甥女, 外甥女"
499,阿姨,17,"长裤, 卫衣, 凉鞋, 发卡, 发箍, 口罩, 口袋, 围巾, 头绳, 帽子, 奶奶, 姑父, 母亲, 父亲, 爷爷, 侄子, 侄子, 侄女, 侄女"
500,弟弟,5,"卫衣, 凉鞋, 帽子, 女孩, 家人"
501,漂亮,8,"发卡, 发卡, 发箍, 头绳, 口红, 花, 花, 女儿, 女孩, 小孩"
502,镜子,6,"发卡, 发箍, 帽子, 脸盆, 口红, 头发"
503,装饰,11,"发卡, 发卡, 发箍, 发箍, 围巾, 头绳, 头绳, 帽子, 帽子, 胸罩, 领带, 床单, 地毯, 女人, 妻子"
504,病菌,17,"口罩, 毛巾, 毛毯, 牙刷, 牙膏, 瘙痒, 指甲, 地板, 地毯, 墙壁, 墙壁, 床, 抽屉, 柜子, 浴缸, 马桶, 蘑菇, 蟑螂"
505,社区,4,"口罩, 邻居, 社工, 维修工"
506,满,6,"口袋, 勺子, 脸盆, 洗脚盆, 杯子, 茶壶"
507,空,6,"口袋, 勺子, 脸盆, 洗脚盆, 杯子, 茶壶"
508,系紧,5,"围巾, 头绳, 鞋带, 领带, 飞机"
509,打扫,4,"手套, 蟑螂, 邻居, 护工"
510,客厅,12,"拖鞋, 毛毯, 茶壶, 桌子, 桌子, 椅子, 椅子, 沙发, 沙发, 灯, 灯, 窗户, 窗户, 茶几, 茶几, 镜子, 镜子, 门, 门, 饼干"
511,近,4,"眼镜, 眼睛, 小孩, 男孩"
512,工作单位,5,"眼镜, 背包, 领带, 水, 下午"
513,上衣,4,"胸罩, 腹部, 女人, 妻子"
514,女,19,"胸罩, 口红, 生姜, 保姆, 外婆, 女人, 女儿, 女孩, 奶奶, 妻子, 姐妹, 姐妹, 姑姑, 母亲, 侄女, 外甥女, 阿姨, 婶婶, 舅妈, 护士"
515,电动车,4,"袖子, 外卖员, 快递员, 维修工"
516,白天,9,"袜子, 桌子, 椅子, 沙发, 窗户, 茶几, 门, 太阳, 晴天"
517,小腿,3,"袜子, 靴子, 大腿"
518,丝袜,4,"靴子, 腿, 女人, 妻子"
519,衬衫,3,"领带, 女人, 妻子"
520,危险,3,"刀子, 救护车, 雷电, 雷电"
521,放,8,"刀子, 手写板, 脸盆, 洗脚盆, 花瓶, 书架, 桌子, 桌子, 茶几, 茶几"
522,水果店,9,"刀子, 牛油果, 火龙果, 芒果, 苹果, 菠萝, 葡萄, 西瓜, 香蕉"
523,西餐,9,"刀子, 花瓶, 黄瓜, 羊肉, 蛋黄, 香肠, 鸡肉, 鸭肉, 鱼肉"
524,甜品,16,"刀子, 刀子, 勺子, 勺子, 叉子, 叉子, 蛋糕, 蛋糕, 面包, 饼干, 牛奶, 牛奶, 酸奶, 柠檬, 柠檬, 樱桃, 芒果, 芒果, 菠萝, 菠萝, 菠萝, 葡萄, 葡萄, 葡萄, 西瓜, 西瓜, 西瓜, 蛋黄, 夏季"
525,童年,15,"勺子, 儿子, 兄弟, 女儿, 女孩, 姐妹, 姐妹, 家人, 小孩, 朋友, 男人, 男孩, 男孩, 侄子, 侄女, 外甥, 外甥女"
526,写,7,"手写板, 手写板, 笔, 笔记本, 纸, 同学, 学生, 男孩"
527,浴室,10,"脸盆, 洗脚盆, 毛巾, 沐浴露, 洗发露, 洗面奶, 牙刷, 牙膏, 背, 胸"
528,折叠,3,"床单, 毛巾, 毛巾, 毛毯, 毛毯"
529,柱状,12,"口红, 杯子, 沐浴露, 洗发露, 洗面奶, 煮锅, 牙膏, 胶囊, 蛋糕, 白萝卜, 胡萝卜, 秒钟"
530,青年,33,"口红, 青椒, 学生, 学生, 年轻人, 儿子, 儿子, 儿子, 兄弟, 兄弟, 女人, 女人, 女儿, 女儿, 女儿, 女孩, 妻子, 姐妹, 姐妹, 姐妹, 姐妹, 姑姑, 姑父, 家人, 小孩, 朋友, 母亲, 父亲, 男人, 侄子, 侄女, 外甥, 外甥女, 舅妈, 售货员, 快递员, 护士, 服务员, 清洁工, 理疗师, 社工, 维修工, 老师"
531,烫,11,"平底锅, 中药, 灯, 微波炉, 平板电脑, 手机, 电脑, 电视机, 笔记本电脑, 羊肉, 鱼"
532,水壶,5,"杯子, 柠檬, 梨, 樱桃, 橙子"
533,香皂,3,"毛巾, 毛毯, 沐浴露"
534,干,4,"毛巾, 毛毯, 羊肉, 香肠"
535,皮肤,6,"毛巾, 沐浴露, 洗面奶, 淤青, 药, 中药"
536,粘稠,4,"沐浴露, 洗发露, 中药, 酸奶"
537,流动,10,"沐浴露, 洗发露, 洗面奶, 洗面奶, 牙膏, 果汁, 水, 汽水, 牛奶, 酒, 酸奶"
538,泡沫,3,"沐浴露, 洗发露, 洗面奶"
539,过敏,7,"沐浴露, 洗发露, 洗面奶, 瘙痒, 芒果, 芒果, 香菜, 蚊子"
540,内衣,7,"沐浴露, 洗发露, 洗面奶, 胸, 胸, 腹部, 女人, 女人, 妻子, 妻子"
541,揉搓,3,"沐浴露, 洗发露, 洗面奶"
542,胃,5,"煮锅, 碗, 胃痛, 冰箱, 微波炉"
543,工位,3,"笔, 笔记本, 纸"
544,竹子,5,"笔记本, 筷子, 筷子, 纸, 纸巾, 餐巾"
545,文学,7,"纸, 书架, 桌子, 椅子, 沙发, 灯, 茶几"
546,火锅,3,"纸巾, 白萝卜, 香菜, 香菜"
547,豆腐,3,"被子, 白菜, 青菜"
548,抬,3,"救护车, 大腿, 小腿"
549,彩色,4,"自行车, 手机, 电脑, 蘑菇"
550,正常,12,"自行车, 窗户, 冰箱, 微波炉, 洗衣机, 空调, 风扇, 平板电脑, 手机, 电脑, 电视机, 笔记本电脑"
551,针灸,4,"头痛, 头痛, 感冒, 脖子, 季节"
552,按摩,16,"头痛, 感冒, 淤青, 淤青, 胃痛, 按摩, 背, 背, 胸, 脖子, 脚, 脚, 脸, 脸, 腰, 外公, 外婆, 奶奶, 姐妹, 朋友"
553,发热,4,"感冒, 太阳, 星星, 雷电"
554,疼痛,4,"淤青, 胃痛, 胸, 脖子"
555,粉末,6,"瘙痒, 药, 中药, 胶囊, 通心粉, 面包"
556,消化,4,"胃痛, 酸奶, 酸奶, 酸奶, 苹果, 菠菜"
557,肌肉,11,"高肌张力, 背, 胳膊, 胸, 脖子, 腿, 脚, 脸, 腹部, 膝盖, 鼻子"
558,无味,6,"药, 药片, 胶囊, 通心粉, 饼, 水"
559,纯净水,4,"药, 中药, 药片, 胶囊"
560,干涩,3,"药片, 胶囊, 饼干"
561,粉色,4,"药片, 胸, 脸, 汽水"
562,骨折,6,"矫正板, 胳膊, 腿, 鼻子, 爷爷, 老人"
563,高血压,4,"血压仪, 酒, 爷爷, 老人"
564,肉色,22,"肩, 下巴, 嘴巴, 大腿, 头, 小腿, 屁股, 手, 手腕, 手肘, 手指, 耳朵, 背, 胳膊, 脖子, 腿, 脚, 脸, 腹部, 膝盖, 鼻子, 腰"
565,体温,20,"大腿, 头, 小腿, 屁股, 手, 手腕, 手肘, 手指, 眼睛, 耳朵, 背, 胳膊, 胸, 脖子, 腿, 脚, 脸, 腹部, 鼻子, 腰"
566,血管,10,"背, 胳膊, 胸, 脖子, 腿, 脚, 脸, 腹部, 膝盖, 鼻子"
567,驼背,5,"背, 外公, 外婆, 奶奶, 老人"
568,玫瑰,3,"背, 女人, 妻子"
569,舞蹈,5,"胳膊, 胳膊, 脖子, 儿子, 女儿, 女孩"
570,触摸,3,"胳膊, 平板电脑, 手机"
571,海边,3,"腿, 脚, 夏季"
572,美容,6,"脸, 脸, 鼻子, 鼻子, 女人, 妻子, 姐妹, 朋友"
573,化妆品,4,"脸, 女人, 妻子, 姐妹"
574,卫生巾,4,"腹部, 女人, 妻子, 母亲"
575,块状,12,"书架, 墙壁, 床, 抽屉, 柜子, 蛋糕, 黄瓜, 黄瓜, 羊肉, 羊肉, 香肠, 鸡肉, 鸡肉, 鸭肉, 鸭肉, 鱼肉"
576,装修,7,"书架, 地板, 地毯, 墙壁, 床, 抽屉, 柜子"
577,凳子,3,"桌子, 椅子, 沙发"
578,搬家,10,"桌子, 桌子, 椅子, 椅子, 沙发, 沙发, 浴缸, 灯, 窗户, 窗户, 茶几, 茶几, 镜子, 门, 门, 马桶"
579,书房,5,"桌子, 椅子, 灯, 窗户, 门"
580,家具,11,"桌子, 椅子, 沙发, 浴缸, 灯, 窗户, 茶几, 镜子, 门, 马桶, 树干, 树干"
581,家庭主妇,19,"桌子, 椅子, 沙发, 浴缸, 灯, 窗户, 茶几, 镜子, 门, 马桶, 香菜, 香蕉, 黄瓜, 羊肉, 蛋黄, 香肠, 鸡肉, 鸭肉, 鱼肉"
582,办公,7,"桌子, 椅子, 沙发, 茶几, 手机, 电脑, 笔记本电脑, 笔记本电脑"
583,读书,3,"灯, 学生, 男孩"
584,故障,10,"冰箱, 微波炉, 洗衣机, 空调, 风扇, 平板电脑, 平板电脑, 手机, 手机, 电脑, 电脑, 电视机, 电视机, 笔记本电脑, 笔记本电脑"
585,超市,12,"冰箱, 微波炉, 香菜, 香蕉, 香蕉, 香蕉, 黄瓜, 黄瓜, 羊肉, 羊肉, 蛋黄, 香肠, 香肠, 鸡肉, 鸡肉, 鸭肉, 鸭肉, 鱼肉, 鱼肉, 售货员, 售货员"
586,调节,4,"微波炉, 空调, 风扇, 电视机"
587,时间,4,"微波炉, 年, 星期, 秒钟, 秒钟"
588,销售员,7,"洗衣机, 空调, 风扇, 平板电脑, 手机, 电视机, 笔记本电脑"
589,维修,3,"风扇, 电视机, 维修工, 维修工, 维修工"
590,泡面,3,"平板电脑, 电视机, 笔记本电脑"
591,上网,7,"平板电脑, 手机, 电脑, 电脑, 笔记本电脑, 笔记本电脑, 母亲, 父亲, 男人"
592,女朋友,3,"手机, 牛油果, 生姜"
593,果汁,6,"电视机, 水, 芒果, 菠萝, 葡萄, 西瓜"
594,主食,5,"米饭, 米饭, 通心粉, 面包, 饼, 馒头, 馒头"
595,糖尿病,7,"米饭, 糖果, 果汁, 汽水, 香蕉, 爷爷, 老人"
596,烤箱,8,"蛋糕, 面包, 饼干, 羊肉, 香肠, 鸡肉, 鸭肉, 鱼肉"
597,小麦,5,"通心粉, 面包, 饼, 饼干, 馒头"
598,减肥,6,"果汁, 牛油果, 西兰花, 黄瓜, 鸡肉, 鱼肉"
599,逛街,5,"果汁, 汽水, 姐妹, 姐妹, 姐妹, 朋友, 朋友, 售货员"
600,榨汁,14,"果汁, 果汁, 水, 柠檬, 柠檬, 梨, 梨, 樱桃, 樱桃, 橙子, 橙子, 火龙果, 芒果, 苹果, 菠萝, 葡萄, 西瓜, 香蕉, 黄瓜"
601,变质,7,"果汁, 牛奶, 酸奶, 柠檬, 梨, 樱桃, 橙子"
602,无色,3,"水, 酒, 雨"
603,中暑,3,"水, 汽水, 夏季"
604,配送员,9,"水, 香菜, 香蕉, 黄瓜, 羊肉, 香肠, 鸡肉, 鸭肉, 鱼肉"
605,奶粉,4,"牛奶, 儿子, 女儿, 女孩"
606,沙拉,6,"酸奶, 梨, 樱桃, 橙子, 牛油果, 西兰花"
607,烧烤,5,"柠檬, 茄子, 茄子, 香菜, 香菜, 羊肉, 羊肉, 晚上"
608,调味,3,"柠檬, 青椒, 香菜"
609,摆放,3,"柠檬, 梨, 橙子"
610,掉落,4,"柠檬, 梨, 樱桃, 橙子"
611,市场,22,"洋葱, 生姜, 番茄, 白菜, 白萝卜, 胡萝卜, 茄子, 菠菜, 蘑菇, 西兰花, 豆角, 青椒, 青菜, 香菜, 香蕉, 香蕉, 黄瓜, 羊肉, 香肠, 鸡肉, 鸭肉, 鱼肉, 鱼"
612,多汁,8,"番茄, 白萝卜, 火龙果, 芒果, 苹果, 葡萄, 黄瓜, 鸡肉"
613,主妇,4,"番茄, 白菜, 白萝卜, 胡萝卜"
614,去皮,3,"番茄, 火龙果, 芒果"
615,买菜,9,"白菜, 白萝卜, 胡萝卜, 鱼, 邻居, 保姆, 外公, 外婆, 奶奶"
616,唱歌,4,"胡萝卜, 母亲, 父亲, 男人"
617,饭后,3,"火龙果, 芒果, 苹果"
618,果园,3,"火龙果, 芒果, 苹果"
619,切块,4,"火龙果, 芒果, 菠萝, 西瓜"
620,促进,3,"苹果, 菠菜, 青椒"
621,热情,7,"菠萝, 同学, 邻居, 售货员, 快递员, 服务员, 社工"
622,高贵,3,"葡萄, 女人, 姐妹"
623,童话,3,"蘑菇, 儿子, 女儿"
624,嫩,4,"西兰花, 豆角, 青菜, 鱼, 鱼"
625,点菜,8,"香菜, 黄瓜, 羊肉, 蛋黄, 香肠, 鸡肉, 鸭肉, 鱼肉"
626,可爱,7,"鸟, 儿子, 女儿, 女孩, 姐妹, 小孩, 朋友"
627,防晒霜,3,"夏季, 太阳, 太阳, 晴天"
628,暴雨,5,"夏季, 台风, 雨, 雨天, 雷电"
629,诗歌,4,"春季, 晚上, 月, 秋季"
630,阴,3,"雨, 雨天, 雪"
631,风湿病,4,"雨, 雨, 雨天, 雨天, 雪, 雪, 老人"
632,男,14,"丈夫, 儿子, 兄弟, 外公, 姑父, 父亲, 爷爷, 男人, 男孩, 侄子, 外甥, 叔叔, 舅舅, 快递员"
633,粗暴,3,"丈夫, 叔叔, 舅舅"
634,温柔,17,"丈夫, 护工, 女人, 女人, 妻子, 妻子, 姐妹, 姐妹, 姐妹, 姑父, 朋友, 母亲, 母亲, 阿姨, 叔叔, 婶婶, 舅舅, 舅妈, 护士, 理疗师, 社工, 老师"
635,能干,3,"丈夫, 保姆, 母亲"
636,懒散,10,"丈夫, 同学, 学生, 年轻人, 侄子, 侄女, 外甥, 外甥女, 叔叔, 舅舅"
637,结婚,12,"丈夫, 丈夫, 儿子, 儿子, 兄弟, 女人, 女人, 女儿, 女儿, 女儿, 妻子, 妻子, 妻子, 姐妹, 阿姨, 叔叔, 婶婶, 舅舅, 舅妈"
638,怀孕,7,"丈夫, 妻子, 阿姨, 叔叔, 婶婶, 舅舅, 舅妈"
639,作业,4,"同学, 同学, 学生, 学生, 男孩, 男孩, 老师"
640,辅导,4,"同学, 学生, 男孩, 老师"
641,少年,15,"学生, 儿子, 兄弟, 女儿, 女孩, 姐妹, 姐妹, 姐妹, 姑姑, 家人, 朋友, 男人, 男孩, 男孩, 侄子, 侄女, 外甥, 外甥女"
642,勇敢,3,"年轻人, 父亲, 男人"
643,善良,21,"邻居, 护工, 女人, 女人, 妻子, 姐妹, 姐妹, 姑姑, 姑姑, 姑父, 朋友, 母亲, 母亲, 母亲, 父亲, 父亲, 父亲, 爷爷, 爷爷, 老人, 阿姨, 叔叔, 婶婶, 舅舅, 舅妈, 护士, 理疗师, 社工, 老师, 老师"
644,小区,3,"邻居, 外卖员, 老人"
645,打招呼,10,"邻居, 侄子, 侄女, 外甥, 外甥女, 阿姨, 叔叔, 婶婶, 舅舅, 舅妈"
646,勤劳,8,"保姆, 医生, 阿姨, 叔叔, 婶婶, 舅舅, 快递员, 清洁工"
647,接送,3,"保姆, 司机, 小孩"
648,热心,3,"司机, 外卖员, 舅妈"
649,幼年,14,"儿子, 兄弟, 女儿, 女孩, 姐妹, 姐妹, 家人, 小孩, 朋友, 男人, 男孩, 男孩, 侄子, 侄女, 外甥, 外甥女"
650,中年,24,"儿子, 兄弟, 女人, 女儿, 妻子, 姐妹, 姐妹, 姑姑, 姑父, 家人, 朋友, 母亲, 父亲, 爷爷, 男人, 舅妈, 售货员, 快递员, 护士, 服务员, 清洁工, 理疗师, 社工, 维修工, 老师"
651,调皮,9,"儿子, 儿子, 儿子, 儿子, 儿子, 儿子, 女儿, 女儿, 女儿, 女儿, 女孩, 女孩, 女孩, 女孩, 小孩, 小孩, 小孩, 小孩, 男孩, 男孩, 侄子, 侄子, 侄女, 侄女, 外甥, 外甥, 外甥女, 外甥女"
652,聪明,6,"儿子, 女儿, 女儿, 女孩, 女孩, 小孩, 小孩, 维修工, 老师"
653,听话,4,"儿子, 儿子, 儿子, 女儿, 女儿, 女儿, 女孩, 女孩, 女孩, 小孩, 小孩, 小孩"
654,乖巧,10,"儿子, 女儿, 女孩, 姐妹, 小孩, 男孩, 侄子, 侄女, 外甥, 外甥女"
655,天真,6,"儿子, 女人, 女儿, 女孩, 姐妹, 小孩"
656,生育,4,"儿子, 儿子, 女人, 女人, 女儿, 女儿, 妻子"
657,成长,6,"儿子, 儿子, 兄弟, 女人, 女儿, 女儿, 女孩, 女孩, 姐妹, 姐妹"
658,辅食,3,"儿子, 女儿, 女孩"
659,病房,3,"儿子, 女儿, 女孩"
660,儿科,4,"儿子, 女儿, 女孩, 男孩"
661,纸尿裤,4,"儿子, 女儿, 女孩, 小孩"
662,玩具,4,"儿子, 女儿, 女孩, 男孩"
663,钢琴,3,"儿子, 女儿, 女孩"
664,乐器,3,"儿子, 儿子, 女儿, 女儿, 女孩, 女孩"
665,围棋,3,"儿子, 女儿, 女孩"
666,象棋,5,"儿子, 外公, 女儿, 女孩, 老人"
667,嫂子,3,"兄弟, 叔叔, 婶婶"
668,弟妹,3,"兄弟, 叔叔, 婶婶"
669,侄子,3,"兄弟, 叔叔, 婶婶"
670,侄女,3,"兄弟, 叔叔, 婶婶"
671,慈祥,6,"外公, 外婆, 外婆, 奶奶, 奶奶, 父亲, 爷爷, 爷爷, 老人"
672,固执,5,"外公, 外公, 母亲, 爷爷, 爷爷, 男人, 老人"
673,老年病,4,"外公, 外婆, 奶奶, 爷爷"
674,骨质疏松,5,"外公, 外婆, 奶奶, 爷爷, 老人"
675,阿尔兹海默症,5,"外公, 外婆, 奶奶, 爷爷, 老人"
676,脑卒中,3,"外公, 奶奶, 爷爷"
677,中风,4,"外公, 外婆, 奶奶, 爷爷"
678,老人机,4,"外公, 外婆, 奶奶, 老人"
679,收音机,5,"外公, 外公, 外婆, 外婆, 奶奶, 奶奶, 爷爷, 老人"
680,书法,4,"外公, 外婆, 奶奶, 爷爷"
681,戏曲,4,"外公, 外婆, 奶奶, 爷爷"
682,魅力,4,"女人, 妻子, 姐妹, 母亲"
683,坚强,4,"女人, 妻子, 姐妹, 母亲"
684,直率,5,"女人, 妻子, 姐妹, 母亲, 男人"
685,开朗,4,"女人, 妻子, 姐妹, 母亲"
686,腼腆,4,"女人, 姐妹, 母亲, 男人"
687,大方,6,"女人, 女人, 妻子, 妻子, 姐妹, 姐妹, 母亲, 母亲, 父亲, 父亲, 男人, 男人"
688,桌游,4,"女人, 母亲, 父亲, 男人"
689,晚辈,4,"姐妹, 姐妹, 阿姨, 阿姨, 舅舅, 舅舅, 舅妈, 舅妈"
690,幽默,4,"姐妹, 朋友, 父亲, 男人"
691,红包,3,"姑姑, 姑父, 爷爷"
692,假期,6,"小孩, 小孩, 侄子, 侄子, 侄女, 侄女, 外甥, 外甥, 外甥女, 外甥女, 舅妈, 舅妈"
693,遛狗,5,"母亲, 父亲, 爷爷, 男人, 老人"
694,抠门,3,"父亲, 男人, 舅妈"
695,好奇,5,"男孩, 侄子, 侄女, 外甥, 外甥女"
696,唠叨,3,"老人, 阿姨, 婶婶"
697,成年,8,"侄子, 侄女, 外甥, 外甥女, 阿姨, 叔叔, 婶婶, 舅舅"
698,耐心,7,"售货员, 护士, 服务员, 理疗师, 社工, 维修工, 老师"
